image_file,text
1.jpg,घुमाउनु
2.jpg,मिलाएका
3.jpg,गृहकार्य
4.jpg,अधिकारी
5.jpg,बिषय
6.jpg,हरेक
7.jpg,झन्
8.jpg,नेपाली
9.jpg,संचालन
10.jpg,थियो
11.jpg,दिएन
12.jpg,सासनबिरुध्ध
13.jpg,गर्न
14.jpg,थापा
15.jpg,मुस्कुराएर
16.jpg,संगै
17.jpg,किन
18.jpg,गर्छौ
19.jpg,that
20.jpg,सिकाउछ
21.jpg,अफुभन्दा
22.jpg,तरीकाले
23.jpg,ठुलालाई
24.jpg,बुदेस्कालमा
25.jpg,मानिसको
26.jpg,हामीलाई
27.jpg,समयलाई
28.jpg,उनी
29.jpg,सिकाउछ
30.jpg,आफ़ुभन्दा
31.jpg,गाईलाई
32.jpg,सबैलाई
33.jpg,आनौठोआनौठ
34.jpg,बानीलाई
35.jpg,कुबेरका
36.jpg,कांग्रेस
37.jpg,ल्याईदिउ
38.jpg,गर्न
39.jpg,सबै
40.jpg,थियौ
41.jpg,पनि
42.jpg,मानिएको
43.jpg,हठयोग
44.jpg,अखण्ड
45.jpg,हनाको
46.jpg,लिएर
47.jpg,शबक
48.jpg,विशेषता
49.jpg,सामाजिक
50.jpg,अक्षाश
51.jpg,निर्णय
52.jpg,शिक्षा
53.jpg,औपचारिकता
54.jpg,निरर्थक
55.jpg,हस्तलेखन
56.jpg,नजलाउ
57.jpg,आसुको
58.jpg,गर
59.jpg,पशुपतिनाथ
60.jpg,खाना
61.jpg,Head
62.jpg,लिनु
63.jpg,प्रोग्राम
64.jpg,थल्नेछ
65.jpg,माग्दिर्शक
66.jpg,सफाई
67.jpg,जेसन
68.jpg,Book
69.jpg,प्रक्तिक
70.jpg,.blogspot.co
71.jpg,आत्मविश्वास
72.jpg,बर्गलाई
73.jpg,नानिथकुलाई
74.jpg,गय
75.jpg,मनिदिनु
76.jpg,साथै
77.jpg,कक्षा
78.jpg,छन्
79.jpg,पूर्विय
80.jpg,दुबैतिर
81.jpg,बिना
82.jpg,तॅलाई
83.jpg,जिवनभरि
84.jpg,सोच
85.jpg,प्रथम
86.jpg,कोछ
87.jpg,हतार
88.jpg,किन
89.jpg,दीन
90.jpg,लाई
91.jpg,मानिसको
92.jpg,ठुलालाई
93.jpg,संसारमा
94.jpg,आफ़ुभन्दा
95.jpg,सिकाउछ
96.jpg,ठुलालाई
97.jpg,सिकाउछ
98.jpg,आध्यानगर्ने
99.jpg,मेरा
100.jpg,ठुलालाई
101.jpg,संगत
102.jpg,मल
103.jpg,काम
104.jpg,कोहि
105.jpg,त्यागी
106.jpg,कसरि
107.jpg,समिति
108.jpg,आएको
109.jpg,फोटो
110.jpg,संग
111.jpg,पर्व
112.jpg,पनि
113.jpg,सबैमा
114.jpg,बैधव्य
115.jpg,हिमाल
116.jpg,आफ्नो
117.jpg,थिईन
118.jpg,भवना
119.jpg,निम्न
120.jpg,शिक्षा
121.jpg,सूचना
122.jpg,जस्ता
123.jpg,विकास
124.jpg,जोडिएको
125.jpg,बिज्ञान
126.jpg,नेपाली
127.jpg,जलाउन
128.jpg,बुझ्नेलाई
129.jpg,गन
130.jpg,पशुपतिनाथ
131.jpg,खाईनछ
132.jpg,basics
133.jpg,हिड्न
134.jpg,सत्संग
135.jpg,कविता
136.jpg,खेल्नुहुन्छ
137.jpg,कुसलपुर्वक
138.jpg,खोज
139.jpg,-
140.jpg,संवर्धन
141.jpg,-
142.jpg,भनेर
143.jpg,संरचना
144.jpg,होसियारिको
145.jpg,दैनिक
146.jpg,१४६
147.jpg,अझै
148.jpg,मिति
149.jpg,अत्याधिक
150.jpg,बिरता
151.jpg,फलको
152.jpg,पनि
153.jpg,राम्ररी
154.jpg,हस्तलेखन
155.jpg,कुरा
156.jpg,गरि
157.jpg,प्राणी
158.jpg,हाम्रो
159.jpg,मैले
160.jpg,पछि
161.jpg,Ball
162.jpg,सिकाउछ
163.jpg,मछपुच्रे
164.jpg,मानिसको
165.jpg,आमा
166.jpg,मानिसको
167.jpg,युवावस्था
168.jpg,संसारमा
169.jpg,ठुलालाई
170.jpg,कक्षा
171.jpg,सिकाउछ
172.jpg,गर्न
173.jpg,गाइ
174.jpg,सभा
175.jpg,थिए
176.jpg,लागि
177.jpg,बिस्तारै
178.jpg,नेपाली
179.jpg,आफ्नू
180.jpg,हावी
181.jpg,अघि
182.jpg,PAGE
183.jpg,पनि
184.jpg,छुटकारा
185.jpg,मिलाऊनुहोस
186.jpg,नेपाल
187.jpg,खेवको
188.jpg,धिए
189.jpg,गर्नबाट
190.jpg,लायिय
191.jpg,सामाजिक
192.jpg,निम्न
193.jpg,जीव
194.jpg,हरेक
195.jpg,व्यक्तिमा
196.jpg,पुगी
197.jpg,लग्यो ?
198.jpg,कसैको
199.jpg,जबुभानेले
200.jpg,नगर
201.jpg,-
202.jpg,नेपाली
203.jpg,भनिन्छ
204.jpg,गर्ने
205.jpg,गंगाजल
206.jpg,हास्ने
207.jpg,असफलता
208.jpg,आध्यापक
209.jpg,मलाई
210.jpg,THANKING
211.jpg,तिनीहरु
212.jpg,WWW.
213.jpg,हस्तलेखनको
214.jpg,अनिवार्य
215.jpg,नानिथकुलाई
216.jpg,मैले
217.jpg,क्षमा
218.jpg,टिम
219.jpg,बिद्यार्थी
220.jpg,भन्न
221.jpg,मानेका
222.jpg,ओगटेको
223.jpg,किन
224.jpg,टोकसिर्हुनुनुथियो
225.jpg,दिन
226.jpg,प्रतियोगितामा
227.jpg,बन्न
228.jpg,यही
229.jpg,शोभा
230.jpg,बिना
231.jpg,पुर्छौ
232.jpg,बेलामा
233.jpg,आशिर्वाद
234.jpg,मानिसको
235.jpg,हामीलाई
236.jpg,बाबालाई
237.jpg,हामीलाई
238.jpg,सिकाउछ
239.jpg,नाम
240.jpg,श्रेष्ठ
241.jpg,मेरो
242.jpg,सिकाउछ
243.jpg,गर्ने
244.jpg,गाइ
245.jpg,त्यो
246.jpg,मान्छे
247.jpg,तरिका
248.jpg,उनैकहा
249.jpg,बैतडी
250.jpg,हिजो
251.jpg,हामी
252.jpg,बजे
253.jpg,छन्
254.jpg,यस
255.jpg,जलस्रोतको
256.jpg,गतिपादित
257.jpg,प्रकृतिका
258.jpg,-
259.jpg,लोक
260.jpg,आत्म
261.jpg,अध्ययन
262.jpg,बिज्ञान
263.jpg,विविध
264.jpg,सिप
265.jpg,सिपको
266.jpg,विज्ञान
267.jpg,ययनका
268.jpg,कस्तो
269.jpg,सक्छौ
270.jpg,कुनै
271.jpg,चढ
272.jpg,पावन
273.jpg,सामान्य
274.jpg,लिखा
275.jpg,सबै
276.jpg,केमिकल
277.jpg,त्यसको
278.jpg,आत्मबिस्वास
279.jpg,खेलकुद
280.jpg,अटाउन
281.jpg,NATIONAL
282.jpg,-
283.jpg,लौसुन
284.jpg,अडक
285.jpg,दिनुपछ
286.jpg,खेततिर
287.jpg,मैले
288.jpg,कम
289.jpg,ल्याइ
290.jpg,लागि
291.jpg,मर्ने
292.jpg,चेतना
293.jpg,दुइतिहाइ
294.jpg,मैले
295.jpg,बिषय
296.jpg,अधिकारका
297.jpg,होइन
298.jpg,नाम
299.jpg,पनि
300.jpg,भनेर
301.jpg,चोर्ने
302.jpg,आफै
303.jpg,कहिल्यबाट
304.jpg,अध्ययन
305.jpg,को
306.jpg,बानीले
307.jpg,आदर
308.jpg,धौलागिरी
309.jpg,सिकाउछ
310.jpg,हताउछ
311.jpg,जतन
312.jpg,कक्षा
313.jpg,हामीलाई
314.jpg,लागि
315.jpg,मिति:२०६६/२/२०
316.jpg,बिरालालाई
317.jpg,ऊनी
318.jpg,संगत
319.jpg,बारेमा
320.jpg,लोकतन्त्र
321.jpg,NTC
322.jpg,संग
323.jpg,स्कुलको
324.jpg,टेवा
325.jpg,अझै
326.jpg,नेपालीमा
327.jpg,योगमाया
328.jpg,नेपाली
329.jpg,कालो
330.jpg,आसु
331.jpg,आसा
332.jpg,तालिका
333.jpg,बिषयमा
334.jpg,वेशानतर
335.jpg,विकास
336.jpg,सीपलाई
337.jpg,कतामा
338.jpg,एउटै
339.jpg,मन
340.jpg,परिभाषा
341.jpg,भन
342.jpg,नेपाल
343.jpg,सेवन
344.jpg,तिलको
345.jpg,चरित्र
346.jpg,सिक्षक
347.jpg,तिमिसंग
348.jpg,unacceptably
349.jpg,माताजी
350.jpg,संसार
351.jpg,नेपालको
352.jpg,बिबिधताको
353.jpg,यौ दिनको
354.jpg,एकैतिर
355.jpg,नानिथकुका
356.jpg,मैले
357.jpg,पनि
358.jpg,गरि
359.jpg,बेला
360.jpg,को
361.jpg,दिशेषता
362.jpg,पदार्थसंगा
363.jpg,थाहा
364.jpg,नेपाली
365.jpg,जिवानने
366.jpg,मात्र
367.jpg,असल
368.jpg,सिगारिन्छ
369.jpg,कपडा
370.jpg,मैले
371.jpg,कविता
372.jpg,Rule
373.jpg,ठुलालाई
374.jpg,गर्ने
375.jpg,विकास
376.jpg,गर्न
377.jpg,सिकाउछ
378.jpg,बुदेसकालमा
379.jpg,श्रेष्ठ
380.jpg,महत्व
381.jpg,ऊहा
382.jpg,मानिसको
383.jpg,जतन
384.jpg,कान
385.jpg,तपाइहरुमध्य
386.jpg,२०७७/
387.jpg,अध्ययन
388.jpg,कुबेर
389.jpg,यहि
390.jpg,कैहिले
391.jpg,भने
392.jpg,हेर्न
393.jpg,झैँ
394.jpg,चेन
395.jpg,पनि
396.jpg,सनातन
397.jpg,रगतले
398.jpg,पाठबाट
399.jpg,आवाज
400.jpg,गीतको
401.jpg,अवधीकौ
402.jpg,आधययन
403.jpg,क्षेत्रमध्ये
404.jpg,विभिन्न
405.jpg,कियाका
406.jpg,-
407.jpg,सिकाई
408.jpg,जलाउ
409.jpg,कहानी
410.jpg,कमल
411.jpg,आकर
412.jpg,समुदाय
413.jpg,सक्दैन
414.jpg,हामि
415.jpg,संस्कार
416.jpg,चुइन
417.jpg,मेरो
418.jpg,छात्रावास
419.jpg,मेरो
420.jpg,Rate
421.jpg,-
422.jpg,दिनको
423.jpg,पछिल्लो
424.jpg,त्यतिबेलै
425.jpg,छान
426.jpg,भएकोमा
427.jpg,पाई
428.jpg,बर्सको
429.jpg,page
430.jpg,छन्दको
431.jpg,अक्सिजन
432.jpg,चोर्ने
433.jpg,भने
434.jpg,पनि
435.jpg,हाँडी
436.jpg,नाम
437.jpg,मगर
438.jpg,लगएर
439.jpg,होला
440.jpg,आफै
441.jpg,लै
442.jpg,धौलागिरी
443.jpg,प्रसिद्धि
444.jpg,साक्षात्कार
445.jpg,आदर
446.jpg,हस्तलेखन
447.jpg,हामीलाई
448.jpg,किताब
449.jpg,कक्षा
450.jpg,अनि
451.jpg,आफूभन्दा
452.jpg,गर्ने
453.jpg,मन
454.jpg,सभासामु
455.jpg,नाम
456.jpg,संसारमा
457.jpg,मौकाको
458.jpg,-
459.jpg,चुल्लुभर
460.jpg,page
461.jpg,बिध्यार्थिको
462.jpg,एक
463.jpg,ऊहा
464.jpg,धन्यवाद
465.jpg,पनि
466.jpg,सार्भभौम
467.jpg,Gaunko
468.jpg,सिकार
469.jpg,जरुरि
470.jpg,बिषय
471.jpg,सिक्षाको
472.jpg,विभीन्न
473.jpg,सिपको
474.jpg,उसका
475.jpg,विज्ञानको
476.jpg,त्यसलाई
477.jpg,दियो
478.jpg,ऎउत
479.jpg,पर
480.jpg,मेरी
481.jpg,गरिन्छ
482.jpg,हानिकारक
483.jpg,नियम
484.jpg,स्वार्थ
485.jpg,बिलाउने
486.jpg,मेरो
487.jpg,आधुनिक
488.jpg,भित्रै
489.jpg,३८२५
490.jpg,जोगाउन
491.jpg,घाम
492.jpg,सब्दको
493.jpg,जिमिदार
494.jpg,आए
495.jpg,बिद्यालय
496.jpg,भएकी
497.jpg,लाइ
498.jpg,रूप
499.jpg,बिस्वमै
500.jpg,ठान्छौॅ
501.jpg,अनुपा
502.jpg,सहने
503.jpg,गर्थे
504.jpg,हेला
505.jpg,लको
506.jpg,पनि
507.jpg,साॅच्चै
508.jpg,रोगि
509.jpg,आफै
510.jpg,थुक्क
511.jpg,अध्ययन
512.jpg,सिकाउछ
513.jpg,चौतरफी
514.jpg,बानी
515.jpg,सिकाउछ।
516.jpg,उपभोग
517.jpg,सिकाउछ
518.jpg,गर्न
519.jpg,एको
520.jpg,वेयक्तित्व
521.jpg,गर्न
522.jpg,चलन
523.jpg,प्रस्न
524.jpg,ठाउँ
525.jpg,सिकाउछ
526.jpg,नभएको
527.jpg,जिल्ला
528.jpg,गुनासो
529.jpg,सहि
530.jpg,पार्नु
531.jpg,क्षॆत्र
532.jpg,पैदा
533.jpg,यो
534.jpg,जोड
535.jpg,केटि
536.jpg,Maya
537.jpg,मलाई
538.jpg,गीतका
539.jpg,सिक्षा
540.jpg,बिज्ञानको
541.jpg,बिषयको
542.jpg,रुपमा
543.jpg,विकास
544.jpg,सामाजिक
545.jpg,त्यस्ता
546.jpg,भने
547.jpg,पानी
548.jpg,बस
549.jpg,भारत
550.jpg,प्रचलन
551.jpg,जुम्राको
552.jpg,व्यक्ति
553.jpg,भगवान
554.jpg,चिचिएर
555.jpg,हुनुहुन्थियो
556.jpg,हुआ कि
557.jpg,कालो
558.jpg,31347
559.jpg,स्रोत
560.jpg,यो एक
561.jpg,अघिल्लो
562.jpg,नानिथाकुलाई
563.jpg,खा
564.jpg,नसेकोको
565.jpg,भनि
566.jpg,घरको
567.jpg,पनि
568.jpg,शरिरमा
569.jpg,निकाल्न
570.jpg,सोमबार
571.jpg,उसको
572.jpg,आफु
573.jpg,खाउ
574.jpg,प्रेरक
575.jpg,आफु
576.jpg,बटल्न
577.jpg,कक्षा
578.jpg,शिर्षक
579.jpg,तिन
580.jpg,आदर
581.jpg,गर्न
582.jpg,पुस्तकको
583.jpg,जतन
584.jpg,हो। अध्ययन
585.jpg,गर्न
586.jpg,मानिसको
587.jpg,स्नेहल
588.jpg,बाँडेर
589.jpg,विकास
590.jpg,आदर
591.jpg,सिद्धान्त
592.jpg,बिरालालाई
593.jpg,ऊनी
594.jpg,सिकौचा / हामी
595.jpg,घमण्डका
596.jpg,गर्ने
597.jpg,पानी
598.jpg,प्रकट
599.jpg,पुगेपछि
600.jpg,आकर्सणको
601.jpg,काठमाडौँ।
602.jpg,कोदाले
603.jpg,प्रशासक
604.jpg,सयौॅ
605.jpg,हैकम
606.jpg,रौहरु
607.jpg,अपराध
608.jpg,भिन्नता
609.jpg,सामाजिक
610.jpg,अध्ययन
611.jpg,म्याषले
612.jpg,भनेको
613.jpg,अध्ययन
614.jpg,वेयवहार
615.jpg,लेख्छ
616.jpg,गर
617.jpg,वाके
618.jpg,कोदो
619.jpg,यसले
620.jpg,गरेकै
621.jpg,स्वार्थ
622.jpg,प्रयदिनतामा
623.jpg,आमा
624.jpg,अनुभव
625.jpg,भेटाउन
626.jpg,प्रिथिविनारायण
627.jpg,आवस्यकता
628.jpg,ifonts
629.jpg,रेखामा
630.jpg,शिव
631.jpg,मैले
632.jpg,आउन
633.jpg,वयेको
634.jpg,कपन
635.jpg,आज
636.jpg,गीतका
637.jpg,बिजुली
638.jpg,परेको
639.jpg,ऊसकी
640.jpg,काला
641.jpg,ओटा
642.jpg,सधै
643.jpg,मौका
644.jpg,भएको
645.jpg,तपाई
646.jpg,समद्वारा
647.jpg,Bat
648.jpg,वानीले
649.jpg,आसिर्बाद
650.jpg,-
651.jpg,किताब
652.jpg,तरिकाले
653.jpg,आध्ययनबा
654.jpg,आह
655.jpg,लागि
656.jpg,राम्रो
657.jpg,गर्न
658.jpg,गर्न
659.jpg,दुइवटा
660.jpg,त्यहाँ
661.jpg,चिनिन्श्यो
662.jpg,CLASSMATE
663.jpg,सम्पति
664.jpg,गराई
665.jpg,नसकेको
666.jpg,समू
667.jpg,साथिहरुसंग
668.jpg,ध्यान
669.jpg,२९०
670.jpg,सिलाई
671.jpg,lamichhane
672.jpg,आटल
673.jpg,मिलाउ
674.jpg,भनेका
675.jpg,हयुरका
676.jpg,(पुस्तक)
677.jpg,नितिसास्त्र
678.jpg,समावेश
679.jpg,प्रेमभाव
680.jpg,यस्तो
681.jpg,गरिएका
682.jpg,रहेको
683.jpg,देर
684.jpg,नझर
685.jpg,मास
686.jpg,भोगमा
687.jpg,अथाव
688.jpg,बाटोमा
689.jpg,भक्त
690.jpg,हास्ने
691.jpg,मेरी
692.jpg,अत्यधिक
693.jpg,सक्दैन
694.jpg,Centre
695.jpg,सकिन्छ
696.jpg,nepalifonts
697.jpg,पछिल्लो
698.jpg,म्यात्रिक
699.jpg,उठे
700.jpg,पनि
701.jpg,कविता
702.jpg,भाग
703.jpg,को
704.jpg,बिबिध
705.jpg,बिद्यालय
706.jpg,भने
707.jpg,सधै
708.jpg,गर्ने
709.jpg,ठिक
710.jpg,छन्
711.jpg,गर्छ
712.jpg,आदि
713.jpg,अझै
714.jpg,सेवा
715.jpg,बेलामा
716.jpg,सुबेदी
717.jpg,सक्षात्कार
718.jpg,अध्ययन
719.jpg,सिकाउछ
720.jpg,आसिर्बाद
721.jpg,गर्न
722.jpg,आनो
723.jpg,खराब
724.jpg,सपना
725.jpg,मछापुच्रे
726.jpg,खराब
727.jpg,मेरो
728.jpg,खुवाएर
729.jpg,ऊनी
730.jpg,उपभोक
731.jpg,मदन
732.jpg,१४ औ
733.jpg,दिन
734.jpg,फेसबुक
735.jpg,बजे
736.jpg,क्षेत्र
737.jpg,-
738.jpg,कोदालो
739.jpg,शासनका
740.jpg,मातृभूमि
741.jpg,खोजेर
742.jpg,थानकी
743.jpg,सजाय
744.jpg,प्राप्त
745.jpg,सामाजिक
746.jpg,त्यहाको
747.jpg,म-मा
748.jpg,सार्यक
749.jpg,अध्ययन
750.jpg,कसरी
751.jpg,मात्र
752.jpg,सर
753.jpg,तिथि
754.jpg,भनेको
755.jpg,कपालमा
756.jpg,हामीलाई
757.jpg,इन्सान
758.jpg,रोइरहनेछ
759.jpg,आमा
760.jpg,जबसे
761.jpg,यति
762.jpg,National
763.jpg,बिबिधता
764.jpg,नेपाली
765.jpg,दौडे
766.jpg,आज
767.jpg,महोदय
768.jpg,मैले
769.jpg,पठाई
770.jpg,एक
771.jpg,हरुको
772.jpg,खानुपर्छ
773.jpg,चोर
774.jpg,मुख्य
775.jpg,ठुला
776.jpg,होला
777.jpg,गछौ
778.jpg,सिर्जनशील
779.jpg,बाबै
780.jpg,भने
781.jpg,आफै
782.jpg,stem
783.jpg,विपश्यना
784.jpg,सेक्सन
785.jpg,उपभोग
786.jpg,गर्न
787.jpg,ब्यक्तित्यसंग
788.jpg,गर्न
789.jpg,बानीले
790.jpg,आदर
791.jpg,निकै
792.jpg,चौतर्फी
793.jpg,बानी
794.jpg,नाम
795.jpg,सकिन्छ
796.jpg,गोनु
797.jpg,अध्ययन
798.jpg,कुबेर
799.jpg,सभापति
800.jpg,Engineer
801.jpg,फेस
802.jpg,गते
803.jpg,प्रति
804.jpg,कहाँ
805.jpg,सम्क्याबाट
806.jpg,हुनाको
807.jpg,तराई
808.jpg,जोडी
809.jpg,सन्देश
810.jpg,ठाउमा
811.jpg,अध्ययना
812.jpg,शास्त्रनै
813.jpg,कक्षा-११
814.jpg,गरिने
815.jpg,त्यसैगरी
816.jpg,निचोडमा
817.jpg,सामाजिव
818.jpg,हवस
819.jpg,कामना है।
820.jpg,नेवार
821.jpg,पारेको
822.jpg,प्रेरित
823.jpg,चैनल
824.jpg,देखेर
825.jpg,मेरो
826.jpg,कुसलपुर्वक
827.jpg,मेरो
828.jpg,Date:
829.jpg,सिर्जना
830.jpg,रेखाभन्दा
831.jpg,सुपात्रसित
832.jpg,मोबाइल
833.jpg,भवदीय
834.jpg,पनि
835.jpg,नया
836.jpg,लत
837.jpg,कविले
838.jpg,पकाउनु
839.jpg,सत्य
840.jpg,पति
841.jpg,रुचि
842.jpg,जेमा
843.jpg,असल
844.jpg,अनेक
845.jpg,कक्षा
846.jpg,चोरी
847.jpg,गरीब
848.jpg,राम्रो
849.jpg,सिकाउछ
850.jpg,गर्ने
851.jpg,आशिर्बाद
852.jpg,सिकाउछ
853.jpg,फाइदाजनक
854.jpg,अध्ययन
855.jpg,गराउछ।
856.jpg,पुस्तकको
857.jpg,मा
858.jpg,अध्ययन
859.jpg,हाम्रो
860.jpg,पनि
861.jpg,हो
862.jpg,स्वभावका
863.jpg,चौतर्फी
864.jpg,खोजिमा
865.jpg,कार्य
866.jpg,ग्राहक
867.jpg,खादाको
868.jpg,भ्रमणको
869.jpg,देखिन्थ्यौ
870.jpg,पानी
871.jpg,नाम
872.jpg,राणा
873.jpg,कोटी
874.jpg,भाव
875.jpg,खोले
876.jpg,माथि
877.jpg,सक्छन्।
878.jpg,अध्ययन
879.jpg,अन्तग
880.jpg,पाएको
881.jpg,त्यस्ता
882.jpg,हुन्छ।
883.jpg,अध्ययन
884.jpg,झन्झट
885.jpg,यही
886.jpg,सेवन
887.jpg,अन्डालाई
888.jpg,हैनन्
889.jpg,ट्युसन
890.jpg,च्यातिनेछ
891.jpg,उत्तकृस्ट
892.jpg,शिक्षण
893.jpg,तिमी
894.jpg,PAN
895.jpg,संरक्षण
896.jpg,झुन्द्दयाएर
897.jpg,नानिथकुलाई
898.jpg,खेले
899.jpg,२०७७
900.jpg,बिजय
901.jpg,रोव
902.jpg,लिने
903.jpg,उत्तकृस्ट
904.jpg,पशुपति
905.jpg,अझै
906.jpg,भन्ने
907.jpg,दिने
908.jpg,मेरा
909.jpg,साथि
910.jpg,उनेक
911.jpg,स्तो
912.jpg,भित्री
913.jpg,मैला
914.jpg,line
915.jpg,हामीलाई
916.jpg,हामीलाई
917.jpg,यसले
918.jpg,सिका
919.jpg,साक्षात्कार
920.jpg,अन्नपुर्ण
921.jpg,हामी
922.jpg,गर्न
923.jpg,गर
924.jpg,युवावस्था
925.jpg,गर्न
926.jpg,मेरो
927.jpg,मनमा
928.jpg,कक्षा
929.jpg,हटाउॅछ
930.jpg,चाहि
931.jpg,सम्म
932.jpg,पुरा
933.jpg,छने
934.jpg,एक
935.jpg,प्रतिवेदक
936.jpg,उचित
937.jpg,पावश्यकता
938.jpg,समयमा
939.jpg,मेची
940.jpg,कपडाको
941.jpg,प्रिय
942.jpg,सक्दिन
943.jpg,यो
944.jpg,अध्ययन
945.jpg,यसले
946.jpg,सामुहिक
947.jpg,व्यक्तिमा
948.jpg,कायम
949.jpg,दिन्छ।
950.jpg,जतन
951.jpg,यहाँ
952.jpg,सेवन
953.jpg,शरीर
954.jpg,भने
955.jpg,दया
956.jpg,हास्ने
957.jpg,जन्म
958.jpg,पढकर
959.jpg,तिर्खा
960.jpg,Qty.
961.jpg,जीवहरुको
962.jpg,कापीको
963.jpg,बेलै
964.jpg,गान
965.jpg,उयस्थित
966.jpg,रोल
967.jpg,गार्हो
968.jpg,हरेक
969.jpg,निर्माता
970.jpg,वनस्यतिको
971.jpg,आँखा
972.jpg,छोरो
973.jpg,अभद्र
974.jpg,गर्ने
975.jpg,खान
976.jpg,मानव
977.jpg,गरेर
978.jpg,पक्कै
979.jpg,थाले
980.jpg,जना
981.jpg,अध्ययबाट
982.jpg,बस्याल
983.jpg,त्यागी
984.jpg,बानीले
985.jpg,तरीकाले
986.jpg,आमा
987.jpg,आशिर्वाद
988.jpg,धेरै
989.jpg,दिग्दारी
990.jpg,बिकास
991.jpg,आँखा
992.jpg,एक
993.jpg,त्यस
994.jpg,हाम्रो
995.jpg,ऊनको
996.jpg,भी
997.jpg,LEAD
998.jpg,मात्र
999.jpg,लाने
1000.jpg,हाम
1001.jpg,पत्रिकाको
1002.jpg,अझै
1003.jpg,समाज
1004.jpg,महाकाली
1005.jpg,रसिलो
1006.jpg,-
1007.jpg,हरेको
1008.jpg,बालबालि
1009.jpg,छलफल
1010.jpg,सामाजिक
1011.jpg,विकृति
1012.jpg,वृत्ति
1013.jpg,समाज
1014.jpg,बिज्ञान
1015.jpg,कमल
1016.jpg,जोड्ने
1017.jpg,समयमा
1018.jpg,हनिकारक
1019.jpg,सधै
1020.jpg,पानी
1021.jpg,नानी
1022.jpg,ममा
1023.jpg,समय
1024.jpg,आविस्कार (1024)
1025.jpg,YOU
1026.jpg,संरक्षण
1027.jpg,मात्राले
1028.jpg,जाने
1029.jpg,तल
1030.jpg,बाट
1031.jpg,हरेक
1032.jpg,नभई
1033.jpg,आज
1034.jpg,भएको
1035.jpg,प्रिथ्वीबाहेक
1036.jpg,यसैले
1037.jpg,इदिन
1038.jpg,२०७७/०४/१९
1039.jpg,राम्रो
1040.jpg,असल
1041.jpg,कला
1042.jpg,गोडा
1043.jpg,चोर
1044.jpg,गर्दै
1045.jpg,पनि
1046.jpg,लागि
1047.jpg,हो
1048.jpg,हटउछ (1048)
1049.jpg,गराउछ।
1050.jpg,बाबालाई
1051.jpg,संगत
1052.jpg,योग
1053.jpg,राम्रा
1054.jpg,गर्न
1055.jpg,घुमेर
1056.jpg,चार
1057.jpg,बितिकै
1058.jpg,पुगे
1059.jpg,विकास
1060.jpg,थिए
1061.jpg,तथा
1062.jpg,Recharge
1063.jpg,तर्फ
1064.jpg,पनि
1065.jpg,जान
1066.jpg,गाउँ
1067.jpg,मार्फत
1068.jpg,सपछि
1069.jpg,स्वतन्त्र र
1070.jpg,अल्झो
1071.jpg,मेरा
1072.jpg,case
1073.jpg,समाज
1074.jpg,भिगोल
1075.jpg,पाठ्यपुस्तकमा
1076.jpg,सिप
1077.jpg,मनेमात्र
1078.jpg,अध्ययन
1079.jpg,त्यसलाई
1080.jpg,तलतल
1081.jpg,और
1082.jpg,पदार्थ
1083.jpg,सार्दैन
1084.jpg,हामी
1085.jpg,विधा
1086.jpg,हास्दा
1087.jpg,आमाको
1088.jpg,आरभ
1089.jpg,फिक्का
1090.jpg,Rs
1091.jpg,संरक्षण
1092.jpg,लेख्नुपर्छ
1093.jpg,शिव
1094.jpg,आफु
1095.jpg,छात्र
1096.jpg,छात्रा
1097.jpg,मात्र
1098.jpg,यस
1099.jpg,पूर्वीय
1100.jpg,जीवनमा
1101.jpg,पाउन
1102.jpg,रहने
1103.jpg,गर्ने
1104.jpg,गर्नु
1105.jpg,प्ररेक
1106.jpg,हेरेर
1107.jpg,एउटा
1108.jpg,निमि
1109.jpg,आज
1110.jpg,आज
1111.jpg,किताब
1112.jpg,तरीकाले
1113.jpg,गरउछ
1114.jpg,अध्ययन
1115.jpg,गर्ने
1116.jpg,आशिर्वाद
1117.jpg,गर्ने
1118.jpg,आमा
1119.jpg,समयलाई
1120.jpg,आमा
1121.jpg,पर्ने
1122.jpg,प्रस्ट
1123.jpg,पनि
1124.jpg,साक्षातर
1125.jpg,पुग्थे
1126.jpg,भवन
1127.jpg,SIM
1128.jpg,हाबी
1129.jpg,साथ
1130.jpg,मिति
1131.jpg,२०७७/०६/२१
1132.jpg,आफैंमा
1133.jpg,-
1134.jpg,आंचल
1135.jpg,भिन्न
1136.jpg,संगीत
1137.jpg,यस्ता
1138.jpg,गरेको
1139.jpg,बिषय
1140.jpg,अध्ययन
1141.jpg,बनाएको
1142.jpg,माध्यम
1143.jpg,भएको
1144.jpg,सकि
1145.jpg,चकचक
1146.jpg,कि
1147.jpg,सेवन
1148.jpg,पारर्दरी
1149.jpg,छदैछ
1150.jpg,पैसों
1151.jpg,छैन
1152.jpg,काम
1153.jpg,ऊचित
1154.jpg,मेरो
1155.jpg,068/3/29
1156.jpg,-
1157.jpg,अन्त्यमा
1158.jpg,शिव
1159.jpg,मैले
1160.jpg,विद्यालय
1161.jpg,थिए
1162.jpg,प्रधान
1163.jpg,चरम
1164.jpg,उज्याले
1165.jpg,हाइड्रोजन
1166.jpg,मलाई
1167.jpg,बिषय
1168.jpg,योग
1169.jpg,ध्यान
1170.jpg,कटुवा
1171.jpg,सिर्जना
1172.jpg,ढवाङ
1173.jpg,मेरा
1174.jpg,आफै
1175.jpg,Run
1176.jpg,हुने
1177.jpg,चौतर्फी
1178.jpg,अध्ययनलाई
1179.jpg,फाइदाहरु
1180.jpg,अध्ययन
1181.jpg,गर्न
1182.jpg,अध्यायनबाट
1183.jpg,मेल
1184.jpg,कक्षा
1185.jpg,ठुलालाई
1186.jpg,जनावरको
1187.jpg,थियो
1188.jpg,चाडैं
1189.jpg,गराउछ
1190.jpg,चढदै
1191.jpg,२०७८/०७९
1192.jpg,प्रयोग
1193.jpg,हरेक
1194.jpg,खाना
1195.jpg,महत्वपुर्ण
1196.jpg,प्रति
1197.jpg,दयनिय
1198.jpg,आर्य
1199.jpg,फलका
1200.jpg,ओरहा
1201.jpg,घटेको
1202.jpg,आशा
1203.jpg,क्रिया
1204.jpg,यसका
1205.jpg,अनकलम
1206.jpg,सम्झदा
1207.jpg,ज्ञान
1208.jpg,उस्तै
1209.jpg,विषयवस्तुको
1210.jpg,छ
1211.jpg,दोनो
1212.jpg,गरिन्छ
1213.jpg,किसिमको
1214.jpg,-
1215.jpg,कहाँ
1216.jpg,इ र ह ने छु
1217.jpg,चाहन्छिन
1218.jpg,प्रणाम
1219.jpg,कुवंर
1220.jpg,taken
1221.jpg,भनेको
1222.jpg,लेख्नुपर्छ
1223.jpg,मौजाको
1224.jpg,जान
1225.jpg,दिब्य
1226.jpg,हासिल
1227.jpg,लागि
1228.jpg,गर्न
1229.jpg,राजेश्वरी
1230.jpg,वनस्पतिलाई
1231.jpg,मलाई
1232.jpg,पनि
1233.jpg,हन्छन
1234.jpg,कविता
1235.jpg,प्रेरक
1236.jpg,उसले
1237.jpg,औला
1238.jpg,चोर
1239.jpg,आवाज
1240.jpg,आज
1241.jpg,पुस्तकका
1242.jpg,सिकाउछ
1243.jpg,घुमेर
1244.jpg,विकास
1245.jpg,नाम
1246.jpg,व्यक्तित्वसं
1247.jpg,अध्ययनको
1248.jpg,हजुर
1249.jpg,गर्न
1250.jpg,हामीलाई
1251.jpg,गाईलाई
1252.jpg,त्यस
1253.jpg,लहडी
1254.jpg,अध्ययनबाट
1255.jpg,तोद्दौं
1256.jpg,२०७८।
1257.jpg,तसे।
1258.jpg,भने
1259.jpg,होस्
1260.jpg,पुग्न
1261.jpg,बेसी
1262.jpg,दल
1263.jpg,केही
1264.jpg,हामी
1265.jpg,अइकाउ
1266.jpg,त्यही
1267.jpg,सुन्न
1268.jpg,औपचारिक
1269.jpg,विषयको
1270.jpg,गरिन्छ।
1271.jpg,भएको
1272.jpg,क्तिमा
1273.jpg,व्यवहारि
1274.jpg,ऊपयोग
1275.jpg,झटपट
1276.jpg,को
1277.jpg,बिहान
1278.jpg,जुम्राले
1279.jpg,राम्रो
1280.jpg,कहाँ
1281.jpg,आज
1282.jpg,मेरो
1283.jpg,विद्यालय
1284.jpg,गाढा
1285.jpg,CENTRE
1286.jpg,गर्नुपर्छ
1287.jpg,सम्पर्ण
1288.jpg,बिहे
1289.jpg,तल
1290.jpg,जोरो
1291.jpg,तेस्रो
1292.jpg,कक्षा
1293.jpg,ब्दसम्मको
1294.jpg,धर्तीमाता
1295.jpg,अवश्यक
1296.jpg,गर्दा
1297.jpg,थियो
1298.jpg,साहस
1299.jpg,प्रमुख
1300.jpg,भने
1301.jpg,प्रत्यन
1302.jpg,शोभाले
1303.jpg,थियो
1304.jpg,कारण
1305.jpg,एउटा
1306.jpg,सारमा
1307.jpg,गर्न
1308.jpg,हामो
1309.jpg,दिग्दारी
1310.jpg,गर्ने
1311.jpg,घुमेर
1312.jpg,गर्ने
1313.jpg,भविष्यको
1314.jpg,बाबालाई
1315.jpg,सिकाउछ।
1316.jpg,चडाउन
1317.jpg,कुरा
1318.jpg,उहिले
1319.jpg,आदर
1320.jpg,धौलागिरि
1321.jpg,समाजवाद
1322.jpg,Technician
1323.jpg,हाम्रो
1324.jpg,भयो
1325.jpg,जुन
1326.jpg,हाम्रो
1327.jpg,अवस्या
1328.jpg,जलसमाधि
1329.jpg,हाम्रो
1330.jpg,भकन्डो
1331.jpg,हामिठो
1332.jpg,पनि
1333.jpg,सबैले
1334.jpg,अन्तरसम्बन्ध
1335.jpg,हावापानी
1336.jpg,समाज
1337.jpg,शिक्षा
1338.jpg,रुपमा
1339.jpg,साम
1340.jpg,पर
1341.jpg,माछा
1342.jpg,उफ्रन
1343.jpg,अभिभावकको
1344.jpg,कहा
1345.jpg,पनि
1346.jpg,भोगे
1347.jpg,सभी
1348.jpg,समुन्द्र
1349.jpg,For
1350.jpg,आवश्यकतालाई
1351.jpg,दिनुपर्छ
1352.jpg,अनुकुल
1353.jpg,बिहान
1354.jpg,मिति
1355.jpg,इज्जत
1356.jpg,भन्ने
1357.jpg,दियो
1358.jpg,दर्शन
1359.jpg,सम्वनि
1360.jpg,पाइसक्नुभएको
1361.jpg,पहिला
1362.jpg,तयार
1363.jpg,राम्रो
1364.jpg,व्यक्तिलाई
1365.jpg,उतोन
1366.jpg,टेलि
1367.jpg,भनेर
1368.jpg,पकवान
1369.jpg,चपलको
1370.jpg,महान
1371.jpg,NEW LINK
1372.jpg,आफ्नो
1373.jpg,पुस्तकको
1374.jpg,रवरव
1375.jpg,गर्न
1376.jpg,संगत
1377.jpg,संग
1378.jpg,संग
1379.jpg,महान
1380.jpg,संग
1381.jpg,सभाका
1382.jpg,राजा
1383.jpg,हो। अध्ययन
1384.jpg,भट्टराई
1385.jpg,तथा
1386.jpg,ग्राहक
1387.jpg,नदिन
1388.jpg,तालतलैया
1389.jpg,उक्त
1390.jpg,खा
1391.jpg,दिलाउन
1392.jpg,विधवा
1393.jpg,पहाड
1394.jpg,नपाकेको
1395.jpg,मलाई
1396.jpg,रुपमा
1397.jpg,अध्ययन
1398.jpg,११
1399.jpg,गराई
1400.jpg,मध्यस्यता
1401.jpg,प्राणी
1402.jpg,क्रम्गत
1403.jpg,विषयबाट
1404.jpg,-
1405.jpg,अचार
1406.jpg,यो
1407.jpg,फलेका
1408.jpg,कहाँ
1409.jpg,आज
1410.jpg,मेर्रो
1411.jpg,व्यवस्था है
1412.jpg,सक्दैन
1413.jpg,Book
1414.jpg,दूबेको
1415.jpg,दिनपर्छ
1416.jpg,नानीथकुका
1417.jpg,मैले
1418.jpg,आयो
1419.jpg,छात्रा
1420.jpg,बारे
1421.jpg,सबुकको
1422.jpg,हुनाले
1423.jpg,अमुल्य
1424.jpg,मैले
1425.jpg,कट्टी
1426.jpg,नया
1427.jpg,भाषण
1428.jpg,हस्तलेखन
1429.jpg,गरेको
1430.jpg,जिउमा
1431.jpg,जारी
1432.jpg,सबै
1433.jpg,टस
1434.jpg,गर्ने
1435.jpg,उपभोग
1436.jpg,दिग्दारी
1437.jpg,संसारमा
1438.jpg,किताब
1439.jpg,तरिकाले
1440.jpg,बाबालाई
1441.jpg,ताजै
1442.jpg,गर्ने
1443.jpg,त्यागी
1444.jpg,एउटा
1445.jpg,प्रश्न
1446.jpg,त्यसका
1447.jpg,बुवालाई
1448.jpg,खाँचो
1449.jpg,सम्बन्धमा
1450.jpg,सम्पूर्ण
1451.jpg,बानीलाई
1452.jpg,क्षेत्र
1453.jpg,क
1454.jpg,कार्य
1455.jpg,मुगु
1456.jpg,डुबेर
1457.jpg,एउटै
1458.jpg,दिएर
1459.jpg,भनेको
1460.jpg,गित
1461.jpg,एउटा
1462.jpg,समाजका
1463.jpg,क्षेत्रको
1464.jpg,समाजका
1465.jpg,सगाजगा
1466.jpg,अध्ययन
1467.jpg,सामाजिव
1468.jpg,पक्ष
1469.jpg,छयाङ
1470.jpg,यसको
1471.jpg,राम्रो
1472.jpg,हुआ
1473.jpg,त्यो
1474.jpg,किनकि
1475.jpg,बिज्ञान
1476.jpg,अनि
1477.jpg,Tcl
1478.jpg,सम्पूर्ण
1479.jpg,गोलो
1480.jpg,यही
1481.jpg,पछि
1482.jpg,धेरै
1483.jpg,हरेक
1484.jpg,लागि
1485.jpg,युवा
1486.jpg,कविले
1487.jpg,एक
1488.jpg,मलाई
1489.jpg,उत्तिर्ण
1490.jpg,-
1491.jpg,जिल्ला
1492.jpg,हन्थिन
1493.jpg,कक्षा
1494.jpg,सुम्सुम्यौउदै
1495.jpg,निकै
1496.jpg,भनी
1497.jpg,सकी
1498.jpg,खराब
1499.jpg,कक्षा :
1500.jpg,युवावस्था
1501.jpg,नेपाली
1502.jpg,गर्न
1503.jpg,विकास
1504.jpg,चौतर्फी
1505.jpg,सपना
1506.jpg,हुने
1507.jpg,माछापुच्छ्रे
1508.jpg,भनिन्नछ
1509.jpg,तर
1510.jpg,ज्यादै
1511.jpg,किताब
1512.jpg,भन्दा
1513.jpg,तथा
1514.jpg,NTC
1515.jpg,माथी
1516.jpg,फेरी
1517.jpg,पछि
1518.jpg,समस्याको
1519.jpg,देख्दा
1520.jpg,गरिने
1521.jpg,थुङगा
1522.jpg,स्वतन्त्र
1523.jpg,अहिले
1524.jpg,हजारै
1525.jpg,सामाजिक
1526.jpg,सम्बन्धित
1527.jpg,यी
1528.jpg,नभएर
1529.jpg,सामाजिक
1530.jpg,समावेश
1531.jpg,पुग्न
1532.jpg,कृपा
1533.jpg,भोगमा
1534.jpg,जानकारी
1535.jpg,जसले
1536.jpg,कहा
1537.jpg,2065
1538.jpg,मेरो
1539.jpg,आपका
1540.jpg,अन्धकार
1541.jpg,back
1542.jpg,यसका
1543.jpg,बाटुलो
1544.jpg,काम
1545.jpg,हाएर
1546.jpg,कक्षा
1547.jpg,भन्ने
1548.jpg,स्यर
1549.jpg,घरम
1550.jpg,बोकेको
1551.jpg,अक्टोपस
1552.jpg,पक्कै
1553.jpg,राम्रै
1554.jpg,पदमा
1555.jpg,हस्तलेखन
1556.jpg,भएको
1557.jpg,कला
1558.jpg,प्रतियोगिता
1559.jpg,भन्ने
1560.jpg,मिठो
1561.jpg,विसियम
1562.jpg,अध्ययनले
1563.jpg,गर्न
1564.jpg,अध्ययनबाट
1565.jpg,युवावास्था
1566.jpg,दिग्दारी
1567.jpg,पुस्तकको
1568.jpg,हाम्रो
1569.jpg,आर्यन
1570.jpg,साक्षात्कार
1571.jpg,आदर
1572.jpg,खुटा
1573.jpg,यो
1574.jpg,आसपासको
1575.jpg,सक्छौ
1576.jpg,कक्षा = ४
1577.jpg,क्षेत्र
1578.jpg,गरेको
1579.jpg,लागि
1580.jpg,२४
1581.jpg,भयो
1582.jpg,यस
1583.jpg,डाॅडा
1584.jpg,पाठ
1585.jpg,सम्पदाको
1586.jpg,मान्छे
1587.jpg,रातको
1588.jpg,आत्माले
1589.jpg,ज्ञानको
1590.jpg,क्रियाकलाप
1591.jpg,भौगोलिक
1592.jpg,कर्तव्यपश
1593.jpg,सामाजिक
1594.jpg,विषयभित्र
1595.jpg,कसरी
1596.jpg,देशो
1597.jpg,हिमाली
1598.jpg,हिडन
1599.jpg,रुपमा
1600.jpg,कहाँ
1601.jpg,तिमी
1602.jpg,मेरो
1603.jpg,आढि
1604.jpg,पाउ
1605.jpg,BHOTAITY
1606.jpg,अनुकुल
1607.jpg,रेखामा
1608.jpg,गर्न
1609.jpg,पार्न
1610.jpg,विरामी
1611.jpg,भन्ने
1612.jpg,मेरो
1613.jpg,दुनियाँ
1614.jpg,नेपालमा
1615.jpg,प्राणी
1616.jpg,गर्न
1617.jpg,पति
1618.jpg,कक्षा:
1619.jpg,शिक्षा
1620.jpg,क्षेत्रमा
1621.jpg,धेरै
1622.jpg,लिफोन
1623.jpg,पक्का
1624.jpg,दीन
1625.jpg,राउसीनको
1626.jpg,वानी
1627.jpg,नाम
1628.jpg,व्याक्तित्वसंग
1629.jpg,ठुलालाई
1630.jpg,अध्ययनले
1631.jpg,कक्षा
1632.jpg,महान
1633.jpg,"""यो "
1634.jpg,अध्ययन
1635.jpg,उपभोग
1636.jpg,पर्ने
1637.jpg,बिरालो
1638.jpg,पति
1639.jpg,हामीलाई
1640.jpg,गणेश
1641.jpg,-
1642.jpg,टेलिकम
1643.jpg,जस्तो
1644.jpg,भयो
1645.jpg,मानसपटनमा
1646.jpg,यो
1647.jpg,वीरहरुका
1648.jpg,shriram
1649.jpg,वीरहरुका
1650.jpg,दिने
1651.jpg,मिठो
1652.jpg,dai
1653.jpg,आर्जव
1654.jpg,सामाजिक
1655.jpg,विविध
1656.jpg,प्रगाड
1657.jpg,शिक्षाले
1658.jpg,सकिन्छ।
1659.jpg,अध्ययनले
1660.jpg,बनी
1661.jpg,रक्सी
1662.jpg,बेला
1663.jpg,चरित्र
1664.jpg,"का  "
1665.jpg,छैनौ
1666.jpg,धेरै
1667.jpg,आशा है
1668.jpg,त्यसलाई
1669.jpg,Bill
1670.jpg,प्रणालिको
1671.jpg,हुॅदैन
1672.jpg,गरे
1673.jpg,जान
1674.jpg,क्षकज्य
1675.jpg,कुरात
1676.jpg,विषय
1677.jpg,अनुहारको
1678.jpg,भेटटाउन
1679.jpg,सरदर
1680.jpg,? किन
1681.jpg,बाटो
1682.jpg,धनी
1683.jpg,राम्रो
1684.jpg,उेनाले
1685.jpg,रेखा
1686.jpg,रामको
1687.jpg,चोर
1688.jpg,मात्र
1689.jpg,जाने
1690.jpg,उपभोग
1691.jpg,अध्ययनबाट
1692.jpg,लगि
1693.jpg,आफूभन्दा
1694.jpg,पुस्तकको
1695.jpg,गर्न
1696.jpg,गौरीशंकर
1697.jpg,पैसा
1698.jpg,किताब
1699.jpg,हो। अध्ययन
1700.jpg,दुईवटा
1701.jpg,देखा
1702.jpg,मन्त्री
1703.jpg,आफ्नो
1704.jpg,होइन
1705.jpg,मिति
1706.jpg,भैसक्यो
1707.jpg,फोटो
1708.jpg,पर्यटकीय
1709.jpg,१७०९
1710.jpg,गर्दा
1711.jpg,निकायले
1712.jpg,एक
1713.jpg,ज्ञानभूमि
1714.jpg,बनाएको
1715.jpg,भएको
1716.jpg,अपराध
1717.jpg,सक्छन।
1718.jpg,निम्नानुसार
1719.jpg,भूगोल
1720.jpg,संस्कार
1721.jpg,नाताल
1722.jpg,पुस्टि
1723.jpg,भएकाले
1724.jpg,श्रावन
1725.jpg,गर्दछन
1726.jpg,रोरा
1727.jpg,राम्रो
1728.jpg,हुए
1729.jpg,-
1730.jpg,महत्वपुर्ण
1731.jpg,प्रयोगशालाए
1732.jpg,यति
1733.jpg,Particulars
1734.jpg,साधनको
1735.jpg,लाइनभन्दा
1736.jpg,गरी
1737.jpg,आए
1738.jpg,गटे
1739.jpg,प्रथम
1740.jpg,छात्र
1741.jpg,यो
1742.jpg,रोचक
1743.jpg,चाहिन्छ
1744.jpg,हेर्नोस
1745.jpg,भएर
1746.jpg,बरु
1747.jpg,सक्छ
1748.jpg,थोरै
1749.jpg,चित्र
1750.jpg,कति
1751.jpg,गर्दा
1752.jpg,आफै
1753.jpg,आली
1754.jpg,चौतफी
1755.jpg,दिग्दारी
1756.jpg,संगत
1757.jpg,समयलाई
1758.jpg,साक्षात्कार
1759.jpg,बानी
1760.jpg,फाइदाहरु :
1761.jpg,बसेर
1762.jpg,आफ्नो
1763.jpg,सिकाउछ
1764.jpg,वटा
1765.jpg,सभासद
1766.jpg,राज्यमा
1767.jpg,दिग्दारी
1768.jpg,कुबेरलाई
1769.jpg,सम्पन्न
1770.jpg,नेपाल
1771.jpg,शिक्षाको
1772.jpg,मिस
1773.jpg,निधोका
1774.jpg,इन
1775.jpg,छिटो
1776.jpg,चलाइएको
1777.jpg,फैलिएका
1778.jpg,शब्द
1779.jpg,रहिछन
1780.jpg,तिनका
1781.jpg,यो
1782.jpg,जीवनोपयोगी
1783.jpg,भौगोलिकक्षेत्रको
1784.jpg,राष्ट्रिय
1785.jpg,समग्रमा
1786.jpg,सामाजिक
1787.jpg,सामाजिक
1788.jpg,अस्टमी
1789.jpg,खाना
1790.jpg,lice
1791.jpg,चरित्र
1792.jpg,-
1793.jpg,आँखा
1794.jpg,पनि
1795.jpg,सादर
1796.jpg,ध्रणा
1797.jpg,O.E.
1798.jpg,संरक्षणका
1799.jpg,जस्तै :
1800.jpg,शिव
1801.jpg,मैले
1802.jpg,कक्षा
1803.jpg,राख्न
1804.jpg,पनि
1805.jpg,मनो
1806.jpg,काव्यहरू
1807.jpg,गर्न
1808.jpg,चाहिॅ
1809.jpg,पर्दैन
1810.jpg,चित्त
1811.jpg,राम्रो
1812.jpg,-
1813.jpg,थरी
1814.jpg,त्यही
1815.jpg,नढाॅटी
1816.jpg,अघि
1817.jpg,हान्यो
1818.jpg,समयला
1819.jpg,संसारमा
1820.jpg,बुढेशकालम
1821.jpg,बुबालाई
1822.jpg,व्यक्तित्वसं
1823.jpg,चाॅतर्फी
1824.jpg,बुढेशकालमा
1825.jpg,लेट
1826.jpg,हो
1827.jpg,व्यक्तित्वसंग
1828.jpg,गाई
1829.jpg,दुध
1830.jpg,गृहकार्य
1831.jpg,बानी
1832.jpg,धनको
1833.jpg,सम्बन्धमा
1834.jpg,(NTC)
1835.jpg,आउन
1836.jpg,हश्य
1837.jpg,चित्र
1838.jpg,प्रबन्ध
1839.jpg,पानीको
1840.jpg,धर्ममा
1841.jpg,जाति
1842.jpg,पैसा
1843.jpg,रहेछ
1844.jpg,नपाएर
1845.jpg,धन्यवाद
1846.jpg,गर्ने
1847.jpg,आदि
1848.jpg,वाधक
1849.jpg,-
1850.jpg,तहको
1851.jpg,सामाजिक
1852.jpg,जनमानस
1853.jpg,आलु
1854.jpg,यो
1855.jpg,हामी
1856.jpg,हुए
1857.jpg,२००९
1858.jpg,साभ
1859.jpg,जाता
1860.jpg,विकराल
1861.jpg,No.:
1862.jpg,जीव
1863.jpg,अक्षरहरुमा
1864.jpg,ठीक
1865.jpg,इल
1866.jpg,नसकेकाले
1867.jpg,गरी
1868.jpg,हाम्रो
1869.jpg,लिने
1870.jpg,देखिने
1871.jpg,मरुभूमिका
1872.jpg,पारेर
1873.jpg,मने
1874.jpg,महान
1875.jpg,गर्ने
1876.jpg,अमाज
1877.jpg,थापा
1878.jpg,बिस्तार
1879.jpg,थाहा
1880.jpg,यसरी
1881.jpg,झैँ
1882.jpg,विकास
1883.jpg,किताब
1884.jpg,सक्छौॅ
1885.jpg,ऊपभोग
1886.jpg,बाने
1887.jpg,जनक
1888.jpg,नाम:
1889.jpg,मीठा
1890.jpg,आशिर्बाद
1891.jpg,बानीले
1892.jpg,पनि
1893.jpg,कुरा
1894.jpg,गोनु
1895.jpg,आमा
1896.jpg,गर्थे
1897.jpg,आवश्यक
1898.jpg,हरु
1899.jpg,फेसबूकमा
1900.jpg,सबैलाई
1901.jpg,२७
1902.jpg,साधन
1903.jpg,डॉडा
1904.jpg,उदारता
1905.jpg,बहुल
1906.jpg,आर्द
1907.jpg,नेपाली
1908.jpg,आज
1909.jpg,अनन्त
1910.jpg,मनोबिज्ञान
1911.jpg,स्वर
1912.jpg,स्नेह
1913.jpg,एको
1914.jpg,सा -
1915.jpg,समायोज
1916.jpg,शुक्क
1917.jpg,faceboo
1918.jpg,वटा
1919.jpg,छैनन्
1920.jpg,हुआ
1921.jpg,-
1922.jpg,मेरो
1923.jpg,कप्युटर
1924.jpg,त्यसलाई
1925.jpg,500183731
1926.jpg,उल्लेख
1927.jpg,को
1928.jpg,यसै
1929.jpg,तल
1930.jpg,लागे
1931.jpg,दोस्रो
1932.jpg,अन्य
1933.jpg,लत
1934.jpg,लेख्नु
1935.jpg,मी
1936.jpg,भन्ने
1937.jpg,पहिला
1938.jpg,तल्लो
1939.jpg,सुख
1940.jpg,मात्र
1941.jpg,आधुनिक
1942.jpg,लग्यो
1943.jpg,चोर
1944.jpg,आदि
1945.jpg,Boundary
1946.jpg,इदजनुका
1947.jpg,अध्ययन
1948.jpg,सिकाउॅछ
1949.jpg,सिकाउॅछ
1950.jpg,आशिर्वाद
1951.jpg,खराब
1952.jpg,विकास
1953.jpg,छोडेर
1954.jpg,बानी
1955.jpg,हुने
1956.jpg,पनि
1957.jpg,अमन
1958.jpg,गरेका
1959.jpg,गर्ने
1960.jpg,गयो
1961.jpg,फर्निचर
1962.jpg,सेवा
1963.jpg,नौ
1964.jpg,गते
1965.jpg,सर
1966.jpg,सम्बन्धित
1967.jpg,केक
1968.jpg,धार्मिक
1969.jpg,शान्तिभूमि
1970.jpg,जमा
1971.jpg,कम्तिमा
1972.jpg,मैले
1973.jpg,नबिचको
1974.jpg,गरिएको
1975.jpg,अर्यशास्त्र
1976.jpg,सम्पदा
1977.jpg,सामाजिक
1978.jpg,आपसमा
1979.jpg,विज्ञानले
1980.jpg,रहे
1981.jpg,हिमाली
1982.jpg,खुट्टा
1983.jpg,भनेका
1984.jpg,का
1985.jpg,Tuesday
1986.jpg,सबैभन्दा
1987.jpg,आदरणीय
1988.jpg,UNTI
1989.jpg,4252900
1990.jpg,विकास
1991.jpg,सिधा
1992.jpg,सुयोग्य
1993.jpg,गेम
1994.jpg,धन्यवाद
1995.jpg,जस्ता
1996.jpg,उचित
1997.jpg,हालिएको
1998.jpg,पहिलो
1999.jpg,यानीबिना
2000.jpg,शब्द
2001.jpg,थियो
2002.jpg,गरे
2003.jpg,पनि
2004.jpg,आवश्य
2005.jpg,मानव
2006.jpg,रामुले
2007.jpg,कुरा
2008.jpg,छैनौ
2009.jpg,सानै
2010.jpg,व्यक्तित्वसंग
2011.jpg,लागि
2012.jpg,गर्न
2013.jpg,त्यागी
2014.jpg,डेनिशा
2015.jpg,कार
2016.jpg,साक्षात्कार
2017.jpg,तिमी
2018.jpg,पुस्तकको
2019.jpg,फाइदाजनक
2020.jpg,वटा
2021.jpg,सक्नुहुन्छ
2022.jpg,ज्यादै
2023.jpg,वुदेश्कालम
2024.jpg,घमण्ड
2025.jpg,विषय
2026.jpg,विर्सियो
2027.jpg,फेसबुक
2028.jpg,देखिन्थ्यौॅ
2029.jpg,हामीलेपोखरा
2030.jpg,सम्पादकज्यु
2031.jpg,देश
2032.jpg,बडाहाकिम
2033.jpg,माला
2034.jpg,शब्द
2035.jpg,गरेर
2036.jpg,गर्न
2037.jpg,नुकुलनको
2038.jpg,दर्शनशास्त्र
2039.jpg,इतिहासको
2040.jpg,देशप्रति
2041.jpg,पर्दछ।
2042.jpg,विकास
2043.jpg,दिन्छ
2044.jpg,महसुस
2045.jpg,चिउरा
2046.jpg,अधाएको
2047.jpg,देश
2048.jpg,हुए
2049.jpg,मा
2050.jpg,उच्च
2051.jpg,निकल
2052.jpg,योत
2053.jpg,To
2054.jpg,-
2055.jpg,बिचको
2056.jpg,केटो
2057.jpg,गरे
2058.jpg,ज्वरो
2059.jpg,कक्षा
2060.jpg,राई
2061.jpg,लको
2062.jpg,पूर्वीय
2063.jpg,वनस्पति
2064.jpg,कुरा
2065.jpg,हरेक
2066.jpg,उनले
2067.jpg,उहाॅले
2068.jpg,आर्यन
2069.jpg,उसले
2070.jpg,शोभा
2071.jpg,छैन
2072.jpg,मीठो
2073.jpg,छक्का
2074.jpg,नाम
2075.jpg,कालमा
2076.jpg,हुने
2077.jpg,अध्ययनले
2078.jpg,इदाजनक
2079.jpg,सिकाउछ
2080.jpg,फाइदाजनक
2081.jpg,राम्रा
2082.jpg,फाइदाहरु
2083.jpg,ध्ययन
2084.jpg,एउटा
2085.jpg,फुर्यो
2086.jpg,बस्थे
2087.jpg,समयलाई
2088.jpg,देवताहरु
2089.jpg,भी
2090.jpg,NCELL
2091.jpg,खान
2092.jpg,संस्क्रितिकव
2093.jpg,सुझाव :
2094.jpg,आउन
2095.jpg,परिपूर्ति
2096.jpg,पानीमा
2097.jpg,यो
2098.jpg,गीर
2099.jpg,अनि
2100.jpg,अपराध
2101.jpg,छुत्याउनुहॊस
2102.jpg,पाठ
2103.jpg,अध्ययनबाट
2104.jpg,सामाजिक
2105.jpg,भन्दा
2106.jpg,चरण
2107.jpg,टङगोमा
2108.jpg,के
2109.jpg,गहुॅको
2110.jpg,सानो
2111.jpg,हाम्रै
2112.jpg,हुए
2113.jpg,सात
2114.jpg,मात्र
2115.jpg,जाता
2116.jpg,गर
2117.jpg,संस्कृति
2118.jpg,आवश्यकता
2119.jpg,अटाउने
2120.jpg,एउटा
2121.jpg,मोबाइल
2122.jpg,रुगा
2123.jpg,पनि
2124.jpg,कपन
2125.jpg,होइन
2126.jpg,उतारी
2127.jpg,आवशीय
2128.jpg,भन्दा
2129.jpg,एउटा
2130.jpg,काला
2131.jpg,एउटा
2132.jpg,नाम
2133.jpg,विराट
2134.jpg,केटो
2135.jpg,चाहिॅ
2136.jpg,निम्ति
2137.jpg,रुखमा
2138.jpg,हाम्रो
2139.jpg,सिकाउॅछ
2140.jpg,खराव
2141.jpg,लागि
2142.jpg,सिकाउॅछ
2143.jpg,समयलाई
2144.jpg,सिकाउॅछ
2145.jpg,सपना
2146.jpg,गर्न
2147.jpg,बुढेशकालमा
2148.jpg,कार्की
2149.jpg,थाहा
2150.jpg,सामान्य
2151.jpg,महान
2152.jpg,धनि
2153.jpg,देखि
2154.jpg,यहि
2155.jpg,गर्नु
2156.jpg,बजे
2157.jpg,जुन
2158.jpg,डाॅडा
2159.jpg,सम्बन्धित
2160.jpg,भाव
2161.jpg,२ दिइएका
2162.jpg,नपर्ला
2163.jpg,धेरै
2164.jpg,सामाजिक विर
2165.jpg,कन
2166.jpg,पृष्ठभूमि
2167.jpg,सबैमा
2168.jpg,आ
2169.jpg,सै
2170.jpg,सामाजिक
2171.jpg,कर
2172.jpg,नेवारी
2173.jpg,पौडन
2174.jpg,चरित्र
2175.jpg,-
2176.jpg,तिमी
2177.jpg,बच्चालाई
2178.jpg,करती
2179.jpg,TLED
2180.jpg,Ps.
2181.jpg,गुणनको
2182.jpg,हुनपर्छ
2183.jpg,गरी
2184.jpg,घंटा
2185.jpg,कैशालटार
2186.jpg,अवगत
2187.jpg,गरि
2188.jpg,नकी
2189.jpg,धर्तीका
2190.jpg,येय
2191.jpg,भनेर
2192.jpg,टोकसिरहनुहुन्थयो
2193.jpg,गरी
2194.jpg,खुट्टा
2195.jpg,ममा
2196.jpg,विषयवस्तुक
2197.jpg,भाउजु
2198.jpg,चाॅहि
2199.jpg,हामी
2200.jpg,हुँदैनथ्यो
2201.jpg,गर्ने
2202.jpg,हटाउॅछ
2203.jpg,समयलाई
2204.jpg,अध्ययनबाट
2205.jpg,लागि
2206.jpg,वढेशकालमा
2207.jpg,सिकाउॅछ
2208.jpg,महिनामा
2209.jpg,अध्ययनबाट
2210.jpg,चौतर्फी
2211.jpg,पुजा
2212.jpg,दुख
2213.jpg,राज्यका
2214.jpg,फाइदजनक
2215.jpg,देवताहरुमा
2216.jpg,गते
2217.jpg,महिना
2218.jpg,फेसबुक
2219.jpg,हामी
2220.jpg,फेवातालको
2221.jpg,जस्ता
2222.jpg,पानीको
2223.jpg,-
2224.jpg,गाउँवस्तिमा
2225.jpg,गीतको
2226.jpg,पाउॅछ
2227.jpg,सिमित
2228.jpg,स
2229.jpg,सघाॅउछ
2230.jpg,रुदिवादी
2231.jpg,मानिस
2232.jpg,अध्ययन
2233.jpg,अध्ययनको
2234.jpg,-
2235.jpg,आदिको
2236.jpg,लागी
2237.jpg,CLASSMATE
2238.jpg,-
2239.jpg,पनि
2240.jpg,का
2241.jpg,छ
2242.jpg,No
2243.jpg,-
2244.jpg,अक्षरहरुको
2245.jpg,उनले
2246.jpg,पछि
2247.jpg,दिनेश
2248.jpg,छात्रा
2249.jpg,मेरो
2250.jpg,छन्
2251.jpg,नेपालले
2252.jpg,आदि
2253.jpg,मेरो
2254.jpg,गर्नु
2255.jpg,राज्य
2256.jpg,प्रतियोगिता
2257.jpg,हस्तलेखन
2258.jpg,अनि
2259.jpg,थिइन्
2260.jpg,रोगी
2261.jpg,ढोका
2262.jpg,सम्झीरहन्छु
2263.jpg,हामी
2264.jpg,फाइदाजनक
2265.jpg,महान
2266.jpg,आफ्नो
2267.jpg,रेग्मी
2268.jpg,नानालाई
2269.jpg,गर्ने
2270.jpg,राम्रा
2271.jpg,थापा
2272.jpg,पुस्तकको
2273.jpg,जन्रे
2274.jpg,पार्न
2275.jpg,भएर
2276.jpg,व्यक्तित्वसंग
2277.jpg,उताहरुलाई
2278.jpg,उदाछातन
2279.jpg,जसो
2280.jpg,यस्तो
2281.jpg,त्यहाँ
2282.jpg,पुन
2283.jpg,बाहय
2284.jpg,अनुरोध
2285.jpg,जिल्ला
2286.jpg,ठालु
2287.jpg,आहा
2288.jpg,शब्दले
2289.jpg,२
2290.jpg,खोजमुलक
2291.jpg,हन
2292.jpg,देशको
2293.jpg,अध्यय
2294.jpg,विज्ञान
2295.jpg,विज्ञानका
2296.jpg,कीइस
2297.jpg,चोटी
2298.jpg,धेरै
2299.jpg,बाटोमा
2300.jpg,२३००
2301.jpg,मेरो
2302.jpg,मन
2303.jpg,आफैलाइ
2304.jpg,4221269
2305.jpg,संरक्षण
2306.jpg,अक्षरको
2307.jpg,फिक्रीको
2308.jpg,तिर
2309.jpg,सकन
2310.jpg,स्थान
2311.jpg,मध्यमा
2312.jpg,वद्यार्थीहरु
2313.jpg,सन्देश
2314.jpg,पानीले
2315.jpg,यसरी
2316.jpg,अंक
2317.jpg,व्यवहार
2318.jpg,राम्रो
2319.jpg,हरुले
2320.jpg,चित्र
2321.jpg,रामु
2322.jpg,ठुला
2323.jpg,आफै
2324.jpg,shine
2325.jpg,आफूभन्दा
2326.jpg,आफ्नो
2327.jpg,हाम्रो
2328.jpg,गर्न
2329.jpg,आफ्नो
2330.jpg,ध्ययनले
2331.jpg,सिकाउॅछ
2332.jpg,प्रसन्न
2333.jpg,गर्ने
2334.jpg,अर्याल
2335.jpg,महत्व
2336.jpg,अघाउन
2337.jpg,झा
2338.jpg,गर्न
2339.jpg,सबै
2340.jpg,कांग्रेसको
2341.jpg,हो !!!
2342.jpg,हुने
2343.jpg,रहेछ
2344.jpg,त्यो
2345.jpg,छैन
2346.jpg,गर्दछ
2347.jpg,समय
2348.jpg,नरम
2349.jpg,लगाए
2350.jpg,पाएको
2351.jpg,हुन्छ।
2352.jpg,समाजशास्त्र
2353.jpg,-
2354.jpg,फरक
2355.jpg,क्तिमा
2356.jpg,गर्नुहोस
2357.jpg,अ
2358.jpg,रुप
2359.jpg,आफ्नै
2360.jpg,जोत्रो
2361.jpg,कुरा
2362.jpg,म
2363.jpg,lang
2364.jpg,परतु
2365.jpg,म
2366.jpg,विहास
2367.jpg,तिनलाई
2368.jpg,हनपर्छ
2369.jpg,पर्यो
2370.jpg,फर्के
2371.jpg,विदालाई
2372.jpg,साथ
2373.jpg,लिइ
2374.jpg,फेसबुकलाई
2375.jpg,नसक्ने
2376.jpg,जीवहरु
2377.jpg,कक्षा
2378.jpg,सबैसंग
2379.jpg,बखत
2380.jpg,भने
2381.jpg,थिटन
2382.jpg,त्रकला
2383.jpg,डाको
2384.jpg,कुरा
2385.jpg,करुण
2386.jpg,गर्ने
2387.jpg,तराका
2388.jpg,बानी
2389.jpg,हुने
2390.jpg,कक्षा : ४
2391.jpg,फाइदाहरु
2392.jpg,गर्ने
2393.jpg,मानिसको
2394.jpg,हजरआमाको
2395.jpg,सिकाउॅछ
2396.jpg,सिकाउॅछ।  हाम
2397.jpg,हामी
2398.jpg,अनौठा
2399.jpg,चलाखीले
2400.jpg,युववास्था
2401.jpg,को
2402.jpg,ज्यु
2403.jpg,ले
2404.jpg,गर्ने
2405.jpg,सर
2406.jpg,घर
2407.jpg,लिन
2408.jpg,मानिन्छ
2409.jpg,सर्वोच्च
2410.jpg,अर्थ
2411.jpg,दाजु
2412.jpg,पनि
2413.jpg,सामाजिक
2414.jpg,तथा
2415.jpg,भूगोल
2416.jpg,सिपको
2417.jpg,सार्यक
2418.jpg,प्रभावकारी
2419.jpg,आधारशिल
2420.jpg,रहा
2421.jpg,खाना
2422.jpg,प्राय
2423.jpg,पनि
2424.jpg,म
2425.jpg,आमाको
2426.jpg,होता है
2427.jpg,छ
2428.jpg,Goods once
2429.jpg,संरक्षणका
2430.jpg,झ
2431.jpg,पनि
2432.jpg,बाट
2433.jpg,आज
2434.jpg,अन्य
2435.jpg,२०७७
2436.jpg,ज्ञान
2437.jpg,मानवीय
2438.jpg,पानीमा
2439.jpg,चाहिॅ
2440.jpg,पदाइ
2441.jpg,उनी
2442.jpg,सबै
2443.jpg,मेकि
2444.jpg,सन्दर
2445.jpg,बानेर
2446.jpg,लाइ
2447.jpg,राख्न
2448.jpg,टिम
2449.jpg,साक्षात्व
2450.jpg,आदर
2451.jpg,गर्ने
2452.jpg,नाम
2453.jpg,संगत
2454.jpg,गर्ने
2455.jpg,दिग्दारी
2456.jpg,मन्छि
2457.jpg,बुढेशकालमा
2458.jpg,आफ्नो
2459.jpg,हो
2460.jpg,एउटा
2461.jpg,भए
2462.jpg,मानिसको
2463.jpg,यए।  कहिलेकाही
2464.jpg,समेत
2465.jpg,गर्ने
2466.jpg,भने
2467.jpg,सुरु
2468.jpg,पोखराक
2469.jpg,पारस्परिक
2470.jpg,उर्बा
2471.jpg,उन
2472.jpg,लेख्नुहोस
2473.jpg,प्रकाश
2474.jpg,न्याय
2475.jpg,अनीपचारिव
2476.jpg,विज्ञानका
2477.jpg,जानकारी
2478.jpg,अध्ययनबाट
2479.jpg,जीवनमा
2480.jpg,सामाजिक
2481.jpg,नगरी
2482.jpg,मे
2483.jpg,परिकारहरु
2484.jpg,अति
2485.jpg,राम्रो
2486.jpg,-
2487.jpg,गर्नुहुन्छ
2488.jpg,ज्ञात
2489.jpg,sold
2490.jpg,-
2491.jpg,लेख्दा
2492.jpg,चेतावनी
2493.jpg,पछि
2494.jpg,भक्तपुर
2495.jpg,रहने
2496.jpg,कुशल
2497.jpg,होरै
2498.jpg,कवितामा
2499.jpg,साल्भिया
2500.jpg,झिक्नुहोला
2501.jpg,पनि
2502.jpg,नाम:
2503.jpg,दुइटा
2504.jpg,थिइन्
2505.jpg,मुस्कुराउॅछ
2506.jpg,औला
2507.jpg,पारेर
2508.jpg,सफा
2509.jpg,सबै
2510.jpg,गर्न
2511.jpg,युवावस्था
2512.jpg,फाइदजनक
2513.jpg,गर्न
2514.jpg,महान
2515.jpg,युवावस्था
2516.jpg,गराउॅछ
2517.jpg,जान्छु
2518.jpg,हामी
2519.jpg,मानिसको
2520.jpg,आज
2521.jpg,पर्यो
2522.jpg,त्यस
2523.jpg,यसले
2524.jpg,यर्दा
2525.jpg,हने
2526.jpg,DUTY
2527.jpg,फेसबुकलाई
2528.jpg,यात्रा
2529.jpg,निस्कर्स
2530.jpg,खोलामा
2531.jpg,दयन
2532.jpg,सम्प्रदाय
2533.jpg,क्रीतदास
2534.jpg,सहदेश
2535.jpg,जस्तो
2536.jpg,यो
2537.jpg,माजिक
2538.jpg,इतिहास
2539.jpg,प्रेरणा
2540.jpg,उददेश्य
2541.jpg,शिक्षा
2542.jpg,अध्ययनक
2543.jpg,आदिको
2544.jpg,यसको
2545.jpg,बाटनै
2546.jpg,were
2547.jpg,घर
2548.jpg,संरक्षणको
2549.jpg,हुनुपर्छ
2550.jpg,निशचिन्त
2551.jpg,कोठाम
2552.jpg,का
2553.jpg,भाद्र
2554.jpg,कुरा
2555.jpg,गर्ने
2556.jpg,कठिन
2557.jpg,जना
2558.jpg,यति
2559.jpg,कक्षा
2560.jpg,खान्थे
2561.jpg,एउटा
2562.jpg,यस्ता
2563.jpg,कतै
2564.jpg,शोभा
2565.jpg,यति
2566.jpg,भएर
2567.jpg,मानिचो
2568.jpg,हटाउछ
2569.jpg,हामी
2570.jpg,हो
2571.jpg,चौतर्फी
2572.jpg,विकास
2573.jpg,२५७३
2574.jpg,घुमेर
2575.jpg,तिमी
2576.jpg,इदाहरु
2577.jpg,युबाबस्था
2578.jpg,सिगा
2579.jpg,पार्न
2580.jpg,सभामा
2581.jpg,जतन
2582.jpg,पनि
2583.jpg,जिल्ला
2584.jpg,गर्ने
2585.jpg,फेसबुकको
2586.jpg,सबै
2587.jpg,देखे
2588.jpg,गर्दै
2589.jpg,यस्तो
2590.jpg,Date
2591.jpg,मुक्त
2592.jpg,लिएर
2593.jpg,project
2594.jpg,विज्ञा
2595.jpg,विभिन्न
2596.jpg,समाजशास्त्र
2597.jpg,यसको
2598.jpg,गवश्यकता
2599.jpg,गरेको
2600.jpg,निष्कर्समा
2601.jpg,चोटी
2602.jpg,पाइने
2603.jpg,भोलिका
2604.jpg,उहाॅ
2605.jpg,अच्छे
2606.jpg,जैविक
2607.jpg,समेटनुपर्छ
2608.jpg,पनि
2609.jpg,आए
2610.jpg,२०७७
2611.jpg,हुन्छ।
2612.jpg,प्रधान
2613.jpg,हेरी
2614.jpg,टिलिक्क
2615.jpg,पानीमे
2616.jpg,बन्न
2617.jpg,भइनस
2618.jpg,गर्दथे
2619.jpg,मर्ने
2620.jpg,सक्षम
2621.jpg,मानव
2622.jpg,कपाल
2623.jpg,भने
2624.jpg,सुन्न
2625.jpg,बसिनथिएन
2626.jpg,फाइदहरु
2627.jpg,पुस्तक
2628.jpg,-
2629.jpg,किताब
2630.jpg,भन्दा
2631.jpg,फा
2632.jpg,अध्ययनले
2633.jpg,हरुमा
2634.jpg,जतन
2635.jpg,आशिर्वाद
2636.jpg,गाईले
2637.jpg,हो
2638.jpg,बिरालो
2639.jpg,आशिर्वा
2640.jpg,धनको
2641.jpg,२०७८/०७/३०
2642.jpg,के
2643.jpg,तथा
2644.jpg,मिति
2645.jpg,साथ
2646.jpg,छलफल
2647.jpg,भवदीय
2648.jpg,गरो
2649.jpg,हुला
2650.jpg,गित
2651.jpg,पाटो
2652.jpg,छ ?
2653.jpg,-
2654.jpg,नोपयोगी
2655.jpg,आवश्यक
2656.jpg,सामाजिक
2657.jpg,नै
2658.jpg,दिनको
2659.jpg,जत्रो
2660.jpg,प्ररित
2661.jpg,हुनुहुन्छ
2662.jpg,था
2663.jpg,जैविक
2664.jpg,डिका
2665.jpg,हप्ताभित्रै
2666.jpg,घो
2667.jpg,दिनको
2668.jpg,जिल्ला
2669.jpg,हुन्छ
2670.jpg,फेस
2671.jpg,कविता
2672.jpg,हाम्रो
2673.jpg,पाण्डे
2674.jpg,भने
2675.jpg,CLASSMATE
2676.jpg,कक्षा
2677.jpg,लागि
2678.jpg,उसले
2679.jpg,बानेको
2680.jpg,होला
2681.jpg,कुरा
2682.jpg,cricket
2683.jpg,गराउॅछ
2684.jpg,व्यक्तित्वसंग
2685.jpg,घुमेर
2686.jpg,समयलाई
2687.jpg,ययन
2688.jpg,हुने
2689.jpg,षा
2690.jpg,अध्ययन
2691.jpg,नाम:
2692.jpg,हो
2693.jpg,दिनको
2694.jpg,आफ्नो
2695.jpg,गर्ने
2696.jpg,भन्ने
2697.jpg,अनुरोध
2698.jpg,होइन
2699.jpg,PAGE
2700.jpg,खुसी
2701.jpg,आवाज
2702.jpg,सम्बछु
2703.jpg,उ
2704.jpg,मेरो
2705.jpg,कयै
2706.jpg,रे
2707.jpg,राजनितिशास्त्र
2708.jpg,आदि
2709.jpg,गर्छ
2710.jpg,विषयवस्तु
2711.jpg,कुरालाई
2712.jpg,बिचमा
2713.jpg,भएका
2714.jpg,सधै
2715.jpg,हाम्रो
2716.jpg,तथा
2717.jpg,तिनीहरुको
2718.jpg,लामो
2719.jpg,यति
2720.jpg,उडा
2721.jpg,म
2722.jpg,बारे
2723.jpg,लाई
2724.jpg,फेसबुकक
2725.jpg,कुरामा
2726.jpg,वनस्यति
2727.jpg,आफ्ना
2728.jpg,ल्याएर
2729.jpg,हुन्छन
2730.jpg,घोप्टे
2731.jpg,पाएर
2732.jpg,दिवश
2733.jpg,फोन
2734.jpg,सद्दे
2735.jpg,राख्न
2736.jpg,Bat
2737.jpg,हो
2738.jpg,अध्ययन
2739.jpg,आमा
2740.jpg,जतन
2741.jpg,लागि
2742.jpg,हामीलाई
2743.jpg,बनाई
2744.jpg,हटाउॅछ
2745.jpg,यसले
2746.jpg,हो
2747.jpg,रारिवाहाले
2748.jpg,नामले
2749.jpg,-
2750.jpg,घमण्ड
2751.jpg,सहयोग
2752.jpg,नराम्रो
2753.jpg,सर
2754.jpg,DATE
2755.jpg,नाम
2756.jpg,त्यर
2757.jpg,दास
2758.jpg,मिठो
2759.jpg,गितप्रति
2760.jpg,भन्नावालाई
2761.jpg,सा
2762.jpg,विकास
2763.jpg,सामाजिक
2764.jpg,जिक
2765.jpg,जिक
2766.jpg,रातमा
2767.jpg,हुन्छन
2768.jpg,राम्रा
2769.jpg,उहाॅ
2770.jpg,मुझे
2771.jpg,आस्तित्व
2772.jpg,दिंदा
2773.jpg,सबैलाई
2774.jpg,पछि
2775.jpg,२५
2776.jpg,भवदिय
2777.jpg,छात्र
2778.jpg,विवाहिक
2779.jpg,प्राप्ति
2780.jpg,केहि
2781.jpg,निकै
2782.jpg,वेदुषी
2783.jpg,काला
2784.jpg,चाहिॅ
2785.jpg,व्यक्ति
2786.jpg,सजीव
2787.jpg,भन्यो
2788.jpg,नाम
2789.jpg,यसरी
2790.jpg,उठाउन
2791.jpg,बाबालाई
2792.jpg,जतन
2793.jpg,ले
2794.jpg,हार्दिक
2795.jpg,आमा
2796.jpg,कक्षा
2797.jpg,आमा
2798.jpg,हुने
2799.jpg,गाईको
2800.jpg,कसले
2801.jpg,समयपछि
2802.jpg,हुन
2803.jpg,नाम = आकाक्षा
2804.jpg,लागि
2805.jpg,नाम
2806.jpg,गरेका
2807.jpg,देखिन्थ्यौ
2808.jpg,विषयमा
2809.jpg,छोस्रो
2810.jpg,खानेकुरा
2811.jpg,आहा
2812.jpg,हजुरप्रतिको
2813.jpg,हो
2814.jpg,अर्यशास्त्र
2815.jpg,समेत
2816.jpg,अ
2817.jpg,बिज्ञानका
2818.jpg,के
2819.jpg,मासु
2820.jpg,सक्छ
2821.jpg,पाएर
2822.jpg,यो
2823.jpg,पुरा दि
2824.jpg,विविधताको
2825.jpg,ग
2826.jpg,हुनु
2827.jpg,पछि
2828.jpg,सयमा
2829.jpg,महि
2830.jpg,कक्षा
2831.jpg,सामाजिक
2832.jpg,उत्तारेका
2833.jpg,सम्पु
2834.jpg,चोरी
2835.jpg,भयो
2836.jpg,पढ्थे
2837.jpg,अतिथि
2838.jpg,उनी
2839.jpg,जीवनको
2840.jpg,गर्यो
2841.jpg,सत्य
2842.jpg,स्वर्ग
2843.jpg,भए
2844.jpg,दशकालमा
2845.jpg,सिकाउॅछ
2846.jpg,घुमेर
2847.jpg,उपभोग
2848.jpg,हुने
2849.jpg,चके
2850.jpg,CAMERA
2851.jpg,बाबालाई
2852.jpg,पनि
2853.jpg,सक
2854.jpg,किसान
2855.jpg,गर्ने
2856.jpg,थिए
2857.jpg,अधिवेसनको
2858.jpg,फो
2859.jpg,हुँदै
2860.jpg,नेपालमा
2861.jpg,छौॅ
2862.jpg,लज्जस्पद
2863.jpg,कति
2864.jpg,सम्मान
2865.jpg,यो
2866.jpg,इतिहास
2867.jpg,संरक्षण
2868.jpg,पूर्ण
2869.jpg,आधार
2870.jpg,सामाजिक
2871.jpg,समय
2872.jpg,अभिभावकहरुका
2873.jpg,अवश्य
2874.jpg,साथमा
2875.jpg,साथ
2876.jpg,दिर्घकालिन
2877.jpg,अक्षरहरुमथि
2878.jpg,नारान
2879.jpg,धाल्यो
2880.jpg,भएकाले
2881.jpg,पनि
2882.jpg,वर्गीए
2883.jpg,यसका
2884.jpg,हिमाल
2885.jpg,गर्न
2886.jpg,भित्री
2887.jpg,उसको
2888.jpg,बसेर
2889.jpg,मोज
2890.jpg,हामी
2891.jpg,इतिहासको
2892.jpg,राम्रो
2893.jpg,विषय
2894.jpg,छाना
2895.jpg,cricket
2896.jpg,जतन
2897.jpg,बाबालाई
2898.jpg,आ
2899.jpg,दि
2900.jpg,सिकाउॅछ
2901.jpg,तिम्रो
2902.jpg,तरीकाले
2903.jpg,समयलाई
2904.jpg,पुजाको
2905.jpg,अमन
2906.jpg,मिथिला
2907.jpg,पुस्तकको
2908.jpg,थाहा
2909.jpg,-
2910.jpg,जिवनमा
2911.jpg,भेला
2912.jpg,गई
2913.jpg,जाँदा
2914.jpg,भन्द
2915.jpg,यस्तो
2916.jpg,पाण्डेय
2917.jpg,काले
2918.jpg,विथ्यपरक
2919.jpg,अ
2920.jpg,एक
2921.jpg,चरणवदह
2922.jpg,लाग
2923.jpg,तराईमा
2924.jpg,उड्न
2925.jpg,आदर
2926.jpg,साथी
2927.jpg,सब
2928.jpg,परिस्थितीत
2929.jpg,दिइने
2930.jpg,रात
2931.jpg,लागेको
2932.jpg,हुन
2933.jpg,पेश
2934.jpg,थाहै
2935.jpg,यसरी
2936.jpg,भाषामा
2937.jpg,प्राणी
2938.jpg,आफु
2939.jpg,पढेर
2940.jpg,जोड
2941.jpg,पढक
2942.jpg,एको
2943.jpg,मनमोहक
2944.jpg,उक्लेर
2945.jpg,मलाई
2946.jpg,सफा
2947.jpg,सुकमा
2948.jpg,आदर
2949.jpg,हटाउॅछ
2950.jpg,जतन
2951.jpg,आदर
2952.jpg,जानु
2953.jpg,आदर
2954.jpg,संसारमा
2955.jpg,हो। गाईका
2956.jpg,भइरहेको
2957.jpg,चलाख
2958.jpg,गर्न
2959.jpg,घमण्ड
2960.jpg,गते
2961.jpg,एक
2962.jpg,समहमतिले
2963.jpg,ज्ञान
2964.jpg,हाम्रो
2965.jpg,तो
2966.jpg,भन्ने
2967.jpg,जधन्य
2968.jpg,हुन्छ
2969.jpg,गर्नुहोस
2970.jpg,वलिदानलाई
2971.jpg,यस्तो
2972.jpg,हुन्छन
2973.jpg,के
2974.jpg,अन्डा
2975.jpg,तै
2976.jpg,गर्छन
2977.jpg,जसले
2978.jpg,-
2979.jpg,डिका
2980.jpg,निक्कै चिन्ता
2981.jpg,गृहकार्य
2982.jpg,बारे
2983.jpg,पाॅउ
2984.jpg,यस
2985.jpg,जुन
2986.jpg,पूर्वीय
2987.jpg,नि
2988.jpg,लाज
2989.jpg,भएकी
2990.jpg,देखेर
2991.jpg,बनए
2992.jpg,समाज
2993.jpg,देख्छ
2994.jpg,बोटमा
2995.jpg,मलाई
2996.jpg,वास्ता
2997.jpg,cricket
2998.jpg,महान
2999.jpg,आदर
3000.jpg,अध्ययन
3001.jpg,यसले
3002.jpg,मेटन
3003.jpg,महान
3004.jpg,किताब
3005.jpg,छ।  गाई
3006.jpg,गार्हो
3007.jpg,राज्यका
3008.jpg,सिकाउॅछ
3009.jpg,शाहिलेक
3010.jpg,घटेका
3011.jpg,एक
3012.jpg,सुरु
3013.jpg,ढल्के
3014.jpg,रातको
3015.jpg,पुग्नु
3016.jpg,प्रस्तुत
3017.jpg,मानव
3018.jpg,परिवेशमा
3019.jpg,जीवनोप
3020.jpg,सामा
3021.jpg,विषयवस्तुको
3022.jpg,मादक
3023.jpg,तर
3024.jpg,हाम्रो
3025.jpg,-
3026.jpg,जीव
3027.jpg,अक्षरहरुलाई
3028.jpg,छर्लङङ
3029.jpg,मिलाए
3030.jpg,दुई
3031.jpg,पनि
3032.jpg,हुन
3033.jpg,बुक
3034.jpg,कवितामा
3035.jpg,मान
3036.jpg,होइन
3037.jpg,सबै
3038.jpg,ठुला
3039.jpg,होइन
3040.jpg,गरेकी
3041.jpg,विकाससंगै
3042.jpg,भनिन
3043.jpg,मलाई
3044.jpg,आघि
3045.jpg,धेरै
3046.jpg,अध्ययन
3047.jpg,सिकाउॅछ
3048.jpg,हाम्रो
3049.jpg,पध्ययन
3050.jpg,देखिन्छिन्
3051.jpg,संसारमा
3052.jpg,काम
3053.jpg,ले
3054.jpg,नाम
3055.jpg,गरिन्छ
3056.jpg,फेसबुक
3057.jpg,पुरा
3058.jpg,मन्दिरमा
3059.jpg,आहिलेसम्म
3060.jpg,हजुरक
3061.jpg,धन्य
3062.jpg,विद्याने
3063.jpg,क्षेत्रहरु
3064.jpg,गरेको
3065.jpg,गर्नकोलागि
3066.jpg,सत
3067.jpg,भन्ने
3068.jpg,कोदोको
3069.jpg,छिटो
3070.jpg,धेरै
3071.jpg,जातालाई
3072.jpg,गर्ने
3073.jpg,छनहॅदैन
3074.jpg,एक
3075.jpg,उडा
3076.jpg,भएकाले
3077.jpg,हाम्रो
3078.jpg,सत्र
3079.jpg,छन्
3080.jpg,आफ्नो
3081.jpg,सरसफाई
3082.jpg,सज्जन
3083.jpg,पढाइ
3084.jpg,रजाई
3085.jpg,होस
3086.jpg,विश्वमा
3087.jpg,कोरिएको
3088.jpg,गरेर
3089.jpg,म्झनुभएको
3090.jpg,खान
3091.jpg,खेल्न
3092.jpg,था र बुदश
3093.jpg,सकेत
3094.jpg,-
3095.jpg,मिठा
3096.jpg,गराउॅछ
3097.jpg,-
3098.jpg,प्रस्तावहरु
3099.jpg,दुवाल
3100.jpg,-
3101.jpg,गर्न
3102.jpg,भ्रमणको
3103.jpg,दमै
3104.jpg,चिठी
3105.jpg,राम्रो
3106.jpg,बढेको
3107.jpg,३
3108.jpg,१०
3109.jpg,सक्ने
3110.jpg,मर्मवा
3111.jpg,ज्ञान
3112.jpg,सकिन्छ
3113.jpg,विशेष
3114.jpg,हुन्छ
3115.jpg,कर्तव्य
3116.jpg,further
3117.jpg,-
3118.jpg,मा
3119.jpg,गरे
3120.jpg,पछि
3121.jpg,हल्ला
3122.jpg,वर्ष
3123.jpg,हरेक
3124.jpg,फेसबुकमा
3125.jpg,यहाॅको
3126.jpg,भ्यागुता
3127.jpg,पनि
3128.jpg,विश्वविधालयको
3129.jpg,को
3130.jpg,प्रवृक्ति
3131.jpg,हिॅड्न
3132.jpg,जन्मन्छ
3133.jpg,आयौ
3134.jpg,लाज
3135.jpg,आफै
3136.jpg,कसैले
3137.jpg,हुने
3138.jpg,आदर
3139.jpg,बानीले
3140.jpg,राम्रो
3141.jpg,सक्छौॅ
3142.jpg,राष्ट्रय
3143.jpg,खुवाएर
3144.jpg,स्यान्डी
3145.jpg,स्तुत
3146.jpg,छन्
3147.jpg,DATE
3148.jpg,जुन
3149.jpg,छल्केमा
3150.jpg,दिएनन्
3151.jpg,वरिले
3152.jpg,मा
3153.jpg,-
3154.jpg,विकासको
3155.jpg,अनि
3156.jpg,सैदधान्तिक्तामा
3157.jpg,पक्षलाई
3158.jpg,भात
3159.jpg,रातो
3160.jpg,बाटोमा
3161.jpg,at
3162.jpg,जैविक
3163.jpg,झ
3164.jpg,पारे
3165.jpg,पाटन
3166.jpg,१०-
3167.jpg,वोडिङ
3168.jpg,राम्रो
3169.jpg,भेटिन्छ।
3170.jpg,नेपालै
3171.jpg,हाइडिॄला
3172.jpg,चाहिॅ
3173.jpg,हरेक
3174.jpg,व्यक्ति
3175.jpg,यसो
3176.jpg,विषय
3177.jpg,वास्तविकता
3178.jpg,गर्दै
3179.jpg,मेरो
3180.jpg,आफै
3181.jpg,stone
3182.jpg,२१५४
3183.jpg,आफु
3184.jpg,माया
3185.jpg,-
3186.jpg,बार: बुधबार
3187.jpg,देख्ने
3188.jpg,नै
3189.jpg,महोदय
3190.jpg,बुक
3191.jpg,बिह
3192.jpg,खाइ
3193.jpg,गाउॅबासी
3194.jpg,सुनेकै
3195.jpg,कतै
3196.jpg,सामाजिक वि
3197.jpg,जनसंख
3198.jpg,पर्खाको
3199.jpg,बिज्ञानको
3200.jpg,माजिक
3201.jpg,विषयवस्तु
3202.jpg,आदिको
3203.jpg,मात्र
3204.jpg,उसलाई
3205.jpg,जे
3206.jpg,वशाणु
3207.jpg,मात्राको
3208.jpg,घरमै
3209.jpg,पर्न
3210.jpg,रुगा
3211.jpg,उपरोक्त
3212.jpg,जस्तो
3213.jpg,लेख्नुहोस
3214.jpg,चित्रण
3215.jpg,कक्षा
3216.jpg,चोरी
3217.jpg,राम्रो
3218.jpg,यस्तो
3219.jpg,खुट्टा
3220.jpg,गर्द
3221.jpg,पानामा
3222.jpg,थाप्न
3223.jpg,आरु
3224.jpg,लिखित
3225.jpg,धेरै
3226.jpg,हो
3227.jpg,तिमीलाई
3228.jpg,लागी
3229.jpg,गाईले
3230.jpg,बिरालो
3231.jpg,प्रसिद्ध
3232.jpg,पर्याजनका
3233.jpg,यात्राको
3234.jpg,त्यहाॅ
3235.jpg,बाहय
3236.jpg,यस्तो
3237.jpg,प्रकाश
3238.jpg,कुनै
3239.jpg,यो
3240.jpg,१
3241.jpg,कास गर्नुपर्ने
3242.jpg,ध्ययन
3243.jpg,सामाजिक
3244.jpg,जोड
3245.jpg,खाना
3246.jpg,हो
3247.jpg,विद्यार्थी
3248.jpg,दिनुको
3249.jpg,गर्ने
3250.jpg,अक्षर
3251.jpg,थिए
3252.jpg,गरे
3253.jpg,२०७७
3254.jpg,पाने
3255.jpg,पाउॅ
3256.jpg,रुलाई
3257.jpg,जीवनका
3258.jpg,नै
3259.jpg,तन्काउनुभएको
3260.jpg,राम्रो
3261.jpg,काला
3262.jpg,पनि
3263.jpg,दिने
3264.jpg,हुँदै
3265.jpg,नेपाली
3266.jpg,पनि
3267.jpg,बताएका
3268.jpg,Bal
3269.jpg,संसारमा
3270.jpg,मीठा
3271.jpg,फाइदाजनक
3272.jpg,पुजा
3273.jpg,थियो
3274.jpg,झा
3275.jpg,लागि
3276.jpg,प्रतिवेदंताया
3277.jpg,पर्यटकहरुको
3278.jpg,अनुरोध
3279.jpg,पन्तै
3280.jpg,सुनेपछि
3281.jpg,अ
3282.jpg,बहुआयामिक
3283.jpg,रिविरिवा
3284.jpg,तसंय
3285.jpg,यहि
3286.jpg,तरकारी
3287.jpg,हुन्छ
3288.jpg,थाहा
3289.jpg,भूमिका
3290.jpg,लागि
3291.jpg,मुनि
3292.jpg,अब
3293.jpg,मैले
3294.jpg,रोल
3295.jpg,पाउने
3296.jpg,मध्ययम
3297.jpg,संज्ञा
3298.jpg,चित्रण
3299.jpg,भनिन्छ
3300.jpg,ठुला
3301.jpg,भनेर
3302.jpg,हन्छन
3303.jpg,सयल
3304.jpg,लिङ
3305.jpg,मुसुक्क
3306.jpg,सुनिन्छ
3307.jpg,भन्दै
3308.jpg,आफ्नो
3309.jpg,चिजलाई
3310.jpg,तरीकाले
3311.jpg,जिएस
3312.jpg,उपभोग
3313.jpg,गर्दै
3314.jpg,तर
3315.jpg,तिर
3316.jpg,आन्तरिक
3317.jpg,पक्षको
3318.jpg,सुन्दै
3319.jpg,भुटि
3320.jpg,चेतनाको
3321.jpg,सम्बन्धित
3322.jpg,री
3323.jpg,चियाको
3324.jpg,किनभने
3325.jpg,कारणले
3326.jpg,भावश्यक
3327.jpg,भ
3328.jpg,दौडादौड
3329.jpg,मैले
3330.jpg,निकेतने
3331.jpg,स्कुल
3332.jpg,प्रतियोगिता
3333.jpg,संजाल
3334.jpg,मङगले
3335.jpg,जमिनमा
3336.jpg,सम्झनुभएको
3337.jpg,थियो
3338.jpg,मानिसहरु
3339.jpg,पनि
3340.jpg,भनिन्छ
3341.jpg,मर्छ
3342.jpg,जान्न
3343.jpg,त्यो
3344.jpg,प्रथमत
3345.jpg,Decision
3346.jpg,आफ
3347.jpg,अमेरिकाबाट
3348.jpg,हाम्रो
3349.jpg,छ। लक्ष्मी
3350.jpg,दुनियाॅको
3351.jpg,खाइ
3352.jpg,मात्रा
3353.jpg,धर्मपथ
3354.jpg,गित
3355.jpg,पर्छ
3356.jpg,यणताको
3357.jpg,ज्ञान
3358.jpg,बिज्ञानबिच
3359.jpg,बढी
3360.jpg,भएका
3361.jpg,जीवनमा
3362.jpg,गुण
3363.jpg,रुपमा
3364.jpg,पनि
3365.jpg,सके
3366.jpg,विषय
3367.jpg,नाम
3368.jpg,परेको
3369.jpg,फेसबुक
3370.jpg,गरिएको
3371.jpg,जमिन
3372.jpg,गृहय
3373.jpg,घडी
3374.jpg,धीर
3375.jpg,लाऊॅ
3376.jpg,हामी
3377.jpg,चित्र
3378.jpg,नाना
3379.jpg,आँखा
3380.jpg,स्वर्ग
3381.jpg,umpire
3382.jpg,यागी
3383.jpg,साॅच्चैकी
3384.jpg,हुने
3385.jpg,जनावर
3386.jpg,कतैजान
3387.jpg,पोखरा
3388.jpg,पनि
3389.jpg,ठोस
3390.jpg,मिठो
3391.jpg,पाईनेछ
3392.jpg,विश्वास
3393.jpg,को
3394.jpg,देखियतापनि
3395.jpg,मकै
3396.jpg,हाम्रा
3397.jpg,हामीलाई
3398.jpg,यसको
3399.jpg,अ
3400.jpg,सुयोग्य
3401.jpg,को
3402.jpg,१०-१८
3403.jpg,कक्षा
3404.jpg,गरिने
3405.jpg,फेसबुक
3406.jpg,तराइमा
3407.jpg,तर
3408.jpg,चोनै
3409.jpg,जाॅचमा
3410.jpg,१९१०
3411.jpg,चेसतिर
3412.jpg,दिने
3413.jpg,वर्तमानलाई
3414.jpg,भन्यो
3415.jpg,चाहिॅ
3416.jpg,हटाएर
3417.jpg,Third
3418.jpg,धेरै
3419.jpg,फेस
3420.jpg,रहेका
3421.jpg,-
3422.jpg,उचित
3423.jpg,लागि
3424.jpg,हयमबाट
3425.jpg,छ।
3426.jpg,सामाजिक
3427.jpg,जिक
3428.jpg,दाल
3429.jpg,नुग्ने
3430.jpg,संसारभरी
3431.jpg,आते
3432.jpg,ध
3433.jpg,नारान
3434.jpg,माथि
3435.jpg,श्रीमान्
3436.jpg,जनाइ
3437.jpg,प्राध्यापकज्यु
3438.jpg,छन्
3439.jpg,हुनाले
3440.jpg,बस्छन
3441.jpg,बाध्य
3442.jpg,आउनु
3443.jpg,निम्ति
3444.jpg,नजान
3445.jpg,थिइन्
3446.jpg,आविष्कार
3447.jpg,त्यहि
3448.jpg,ठुला
3449.jpg,अनि
3450.jpg,ठोकिन्थ्यो
3451.jpg,साकर
3452.jpg,हास्द
3453.jpg,-
3454.jpg,देश
3455.jpg,समस्याप्रति
3456.jpg,गित
3457.jpg,हजारै
3458.jpg,उ
3459.jpg,प्रवान
3460.jpg,झकेको
3461.jpg,गरे
3462.jpg,नराम्रो
3463.jpg,दिन
3464.jpg,दृश्य
3465.jpg,साथै
3466.jpg,गरेर
3467.jpg,गए
3468.jpg,बिदा
3469.jpg,श्रीमान
3470.jpg,यो
3471.jpg,नुहार
3472.jpg,किन्नरी
3473.jpg,बस्छन।
3474.jpg,नुभएको
3475.jpg,लागे
3476.jpg,दान
3477.jpg,प्राश्ना
3478.jpg,शिक्षक
3479.jpg,मानिस
3480.jpg,कमलले
3481.jpg,मलाई
3482.jpg,स्वर्ग
3483.jpg,call
3484.jpg,सपना
3485.jpg,सक्नुपर्छ
3486.jpg,हाम्रो
3487.jpg,मानसिक
3488.jpg,मिति
3489.jpg,मैले
3490.jpg,नअएता
3491.jpg,परा
3492.jpg,सामाजिक
3493.jpg,उस्तै
3494.jpg,गहुॅ
3495.jpg,भोलि
3496.jpg,दु:खमा
3497.jpg,कमर्ये
3498.jpg,दिंदा
3499.jpg,सोच
3500.jpg,बजे
3501.jpg,हुने
3502.jpg,आज्ञाकारी
3503.jpg,उभाउनुपर्छ
3504.jpg,सुनको
3505.jpg,त्यसैले
3506.jpg,स्वीकार
3507.jpg,भाग
3508.jpg,हराएर
3509.jpg,कविता
3510.jpg,कालमा
3511.jpg,क्षेत्र
3512.jpg,नेपाल
3513.jpg,भन्दा
3514.jpg,धुनमा
3515.jpg,सुरु
3516.jpg,पठादिन्छ
3517.jpg,प्रयोग
3518.jpg,क्षेत्र
3519.jpg,गई
3520.jpg,नसक्द
3521.jpg,मिठो
3522.jpg,बस्न
3523.jpg,-
3524.jpg,रोटीको
3525.jpg,चलाउने
3526.jpg,गर्छ
3527.jpg,संरक्षण
3528.jpg,भ
3529.jpg,दिंदै
3530.jpg,पछि
3531.jpg,खुसी
3532.jpg,परिवार
3533.jpg,हो।
3534.jpg,पक्षको
3535.jpg,आवश्य
3536.jpg,होला
3537.jpg,रोल
3538.jpg,जस्तै
3539.jpg,स्वर्ग
3540.jpg,हुन्
3541.jpg,रमाउॅदै
3542.jpg,बोल्न
3543.jpg,अगा
3544.jpg,मस्त
3545.jpg,हुन्थयो
3546.jpg,याएर
3547.jpg,मित्र
3548.jpg,लिएर
3549.jpg,-
3550.jpg,सकेको
3551.jpg,सुन्न
3552.jpg,वर्णन
3553.jpg,६
3554.jpg,पनि
3555.jpg,गरेका
3556.jpg,जब
3557.jpg,-
3558.jpg,डिका
3559.jpg,भएको
3560.jpg,गएर
3561.jpg,हाम्रो
3562.jpg,अब
3563.jpg,खोज्ने
3564.jpg,मिठास
3565.jpg,पाती
3566.jpg,मेरा
3567.jpg,अनन्त
3568.jpg,बन्छन
3569.jpg,गुमाइ
3570.jpg,गत
3571.jpg,रोलन
3572.jpg,ऊनको
3573.jpg,बन्न
3574.jpg,सफा
3575.jpg,खेतको
3576.jpg,अहिले
3577.jpg,देखाउदै
3578.jpg,जानकारी
3579.jpg,थलो
3580.jpg,नीको
3581.jpg,मेरो
3582.jpg,भएमा
3583.jpg,-
3584.jpg,खानाहरुको
3585.jpg,साना
3586.jpg,हुनुहुन्छ
3587.jpg,-
3588.jpg,पनि
3589.jpg,खा
3590.jpg,अनिवार्य
3591.jpg,निवेदन
3592.jpg,सर
3593.jpg,नरहेका
3594.jpg,नाम
3595.jpg,ठुला
3596.jpg,नम्बर
3597.jpg,जागिर
3598.jpg,भन्दा
3599.jpg,किला
3600.jpg,त्यसमा
3601.jpg,लाग्यो
3602.jpg,चोर
3603.jpg,आफ्नै
3604.jpg,यस्तैमा
3605.jpg,नै
3606.jpg,जसको
3607.jpg,त्यहाॅ
3608.jpg,किता
3609.jpg,ढल्के
3610.jpg,कयौ
3611.jpg,पाउनै
3612.jpg,अधिकार
3613.jpg,अ
3614.jpg,सधै
3615.jpg,समस्यामा
3616.jpg,बनस्पतिको
3617.jpg,थियो
3618.jpg,पछि
3619.jpg,वक्तित्व
3620.jpg,कृयाकलापमा
3621.jpg,यस्तो
3622.jpg,हिमालवारि
3623.jpg,रहन्छन
3624.jpg,कुनै
3625.jpg,महिला
3626.jpg,उनका
3627.jpg,उहाॅले
3628.jpg,जन्म
3629.jpg,मालहरु
3630.jpg,बेटमा
3631.jpg,झनभएको
3632.jpg,योग्य
3633.jpg,तर
3634.jpg,सपना
3635.jpg,धलिन्छ
3636.jpg,कुनै
3637.jpg,गरी
3638.jpg,हालसम्म
3639.jpg,भन्ने
3640.jpg,भौतारिरहेको
3641.jpg,यस
3642.jpg,असल
3643.jpg,सम्मान
3644.jpg,तथा
3645.jpg,एक्लै
3646.jpg,गरे
3647.jpg,पाउॅ
3648.jpg,नाटक
3649.jpg,मानिसहरु
3650.jpg,किन्नर
3651.jpg,नै
3652.jpg,गरेको
3653.jpg,आर्थ
3654.jpg,गाउँमा
3655.jpg,गर्ने
3656.jpg,प्रत्यत्न
3657.jpg,ग्रन्थमा
3658.jpg,हस्तलेखन
3659.jpg,पनि
3660.jpg,बन्छ
3661.jpg,अमेरिका
3662.jpg,प्रयोगगर्न
3663.jpg,त्यहाॅ
3664.jpg,यात्रा
3665.jpg,हुन
3666.jpg,वावुले
3667.jpg,सकिन
3668.jpg,तथा
3669.jpg,विद्यार्थी
3670.jpg,नै
3671.jpg,एउटा
3672.jpg,खाइ
3673.jpg,प्रतियोगिता
3674.jpg,खर्च
3675.jpg,सोचाइले
3676.jpg,कोटिला
3677.jpg,आवश्यक
3678.jpg,तपाइँले
3679.jpg,घरमा
3680.jpg,त्यति
3681.jpg,हासिल
3682.jpg,प्रतियोगिता
3683.jpg,पाएको
3684.jpg,दगर्दै
3685.jpg,सज्जन
3686.jpg,कोठा
3687.jpg,मान्नुहुन्छ
3688.jpg,नियन्त्रणमा
3689.jpg,अवस्थित
3690.jpg,रहेको
3691.jpg,गाउॅविकास
3692.jpg,हुदैॅन
3693.jpg,त्यसैले
3694.jpg,असल
3695.jpg,available
3696.jpg,एउटा
3697.jpg,गृहकार्य
3698.jpg,उत्घोसण
3699.jpg,पढाईको
3700.jpg,कुनाका
3701.jpg,चाहेर
3702.jpg,पानी
3703.jpg,भने
3704.jpg,कुरामा
3705.jpg,व्यक्ति
3706.jpg,हासिल
3707.jpg,बन्ने
3708.jpg,भन्यो
3709.jpg,शब्द
3710.jpg,स्पस्ट
3711.jpg,नि
3712.jpg,नाच्द
3713.jpg,लागि
3714.jpg,तवरले
3715.jpg,हामी
3716.jpg,साथीले
3717.jpg,व्यक्तिले
3718.jpg,असल
3719.jpg,सफलता
3720.jpg,झटट
3721.jpg,खानको
3722.jpg,राइजिङ
3723.jpg,तिर्न
3724.jpg,फिता
3725.jpg,शैलीगत
3726.jpg,आभ्यास
3727.jpg,यसपटक
3728.jpg,जीवनदेखि
3729.jpg,आजका
3730.jpg,प्रति
3731.jpg,सुन्न
3732.jpg,तपाईले
3733.jpg,द:खी निर्धाहरुको
3734.jpg,लुगा
3735.jpg,बेरोजगार
3736.jpg,हामी
3737.jpg,अवगत
3738.jpg,हरुले
3739.jpg,करिब
3740.jpg,खके
3741.jpg,बाटोमा
3742.jpg,सुविधा
3743.jpg,दिनभरि
3744.jpg,गए
3745.jpg,वर्ष
3746.jpg,अध्ययरत
3747.jpg,एकलत
3748.jpg,टुक्रिन
3749.jpg,सज्जन
3750.jpg,जाॅचमा
3751.jpg,बालक
3752.jpg,मात्र
3753.jpg,१९८५
3754.jpg,भाउजु
3755.jpg,मलाई
3756.jpg,सडक
3757.jpg,रुको
3758.jpg,का
3759.jpg,अन्तरास्ट्रिय
3760.jpg,फर्कियौॅ
3761.jpg,लेख्नुहोस
3762.jpg,३७६२
3763.jpg,त्यहतो
3764.jpg,छौॅ
3765.jpg,youtube
3766.jpg,सोच
3767.jpg,कारण
3768.jpg,प्रतियोगितामा
3769.jpg,लेखेको
3770.jpg,कुनै
3771.jpg,कवितामा
3772.jpg,पनि
3773.jpg,पनि
3774.jpg,मनोबलका
3775.jpg,धर्ती
3776.jpg,समा
3777.jpg,आफ्नो
3778.jpg,चाहिॅ
3779.jpg,खोलर
3780.jpg,स्कुलको
3781.jpg,देखिदैन
3782.jpg,ना
3783.jpg,भागमा
3784.jpg,तिन
3785.jpg,गित
3786.jpg,जस्ता
3787.jpg,अरुबाट
3788.jpg,वर
3789.jpg,एकै
3790.jpg,ब्याडमिन्टन
3791.jpg,लगाएत
3792.jpg,हुने
3793.jpg,गरेको
3794.jpg,मलाई
3795.jpg,हातमा
3796.jpg,दिने
3797.jpg,गरूॅ
3798.jpg,पिताको
3799.jpg,गर्नुस
3800.jpg,पत्याउन
3801.jpg,राखे
3802.jpg,कमाउन
3803.jpg,स्थानीयनि
3804.jpg,जाँदा
3805.jpg,-
3806.jpg,देउराली
3807.jpg,देखी
3808.jpg,गर्ने
3809.jpg,खराब
3810.jpg,छोडेर
3811.jpg,गृहकार्य
3812.jpg,जना
3813.jpg,वर्ष
3814.jpg,रूपमा
3815.jpg,जगमा
3816.jpg,पक्का
3817.jpg,बासी
3818.jpg,कुरा
3819.jpg,एउटैले
3820.jpg,पनि
3821.jpg,प्रत्यागमन
3822.jpg,छैन
3823.jpg,पनि
3824.jpg,पददै
3825.jpg,प्रयोग
3826.jpg,पर्यटकीय
3827.jpg,आफ्नो
3828.jpg,संस्थान
3829.jpg,शब्दले
3830.jpg,जस्ता
3831.jpg,उसलाई
3832.jpg,दुई
3833.jpg,आ
3834.jpg,मैले
3835.jpg,उज्ज्वल
3836.jpg,एउटा
3837.jpg,प्रकृति
3838.jpg,तपाई
3839.jpg,बिषयमा
3840.jpg,उनको
3841.jpg,कविता
3842.jpg,नेपाली
3843.jpg,रामु
3844.jpg,तपाईलाई
3845.jpg,जना
3846.jpg,राखे
3847.jpg,यात्राला
3848.jpg,गर्यौ।  यस
3849.jpg,देखिदैन
3850.jpg,दिन
3851.jpg,गर्नुअघि
3852.jpg,खराब
3853.jpg,छोड्नु
3854.jpg,पछि
3855.jpg,छात्रावृत्ति
3856.jpg,हाजिर
3857.jpg,तर
3858.jpg,कसैले
3859.jpg,वर्ग
3860.jpg,आमा
3861.jpg,आफ्नो  नै
3862.jpg,विषयमा
3863.jpg,काममा
3864.jpg,ढवाङ
3865.jpg,हेर्नोस
3866.jpg,बढे
3867.jpg,हाल्ने
3868.jpg,प्राङगडमा
3869.jpg,-
3870.jpg,आवाज
3871.jpg,सुमघुर
3872.jpg,शुभचिन्तक
3873.jpg,सक्छन
3874.jpg,नाना
3875.jpg,हाॅ
3876.jpg,नुपर्दा
3877.jpg,भविष्यको
3878.jpg,हो
3879.jpg,कविले
3880.jpg,लाई
3881.jpg,उसको
3882.jpg,गॊरा
3883.jpg,सफलता
3884.jpg,कुरा
3885.jpg,नाम
3886.jpg,कि
3887.jpg,कस्ता
3888.jpg,लाग्दा
3889.jpg,रहेका
3890.jpg,रहेछ
3891.jpg,भाॅडो
3892.jpg,यतिको
3893.jpg,माफि
3894.jpg,उसलाई
3895.jpg,रातभरि
3896.jpg,माथि
3897.jpg,पढाई
3898.jpg,भएकाले
3899.jpg,यस्तोल
3900.jpg,तुलना
3901.jpg,रमाउॅछ
3902.jpg,आमा
3903.jpg,गोरा जति
3904.jpg,राख्नुभयो
3905.jpg,कक्षा
3906.jpg,बाॅधेको
3907.jpg,पनि
3908.jpg,बताएका
3909.jpg,दुरुपयोग
3910.jpg,निधो
3911.jpg,बजेको
3912.jpg,दाजु
3913.jpg,भएका
3914.jpg,राखी
3915.jpg,खाए
3916.jpg,दाह
3917.jpg,हुने
3918.jpg,कयौॅ
3919.jpg,त्यसैगरी
3920.jpg,कही
3921.jpg,सोमबार
3922.jpg,आएर
3923.jpg,अझै
3924.jpg,ग
3925.jpg,सुनेको
3926.jpg,यसैले
3927.jpg,स्वर्ग
3928.jpg,Date:
3929.jpg,व्यक्तिहरुका
3930.jpg,नासमा
3931.jpg,झस्कना
3932.jpg,लटरम्म
3933.jpg,भरिको
3934.jpg,मा
3935.jpg,गरेकी
3936.jpg,अनुरोध
3937.jpg,गर्ने
3938.jpg,कविता
3939.jpg,सम्झ
3940.jpg,पढाईमा
3941.jpg,हुन्
3942.jpg,नाम
3943.jpg,देवकुमारी
3944.jpg,बनाएका
3945.jpg,लागेको
3946.jpg,विलासी
3947.jpg,कायम
3948.jpg,पुराना
3949.jpg,पुग्ने
3950.jpg,Best
3951.jpg,भएका
3952.jpg,पास
3953.jpg,घर
3954.jpg,परिक्षामा
3955.jpg,विद्यार्थी
3956.jpg,बाध्यभएका
3957.jpg,भएको
3958.jpg,भन्दैन
3959.jpg,साध
3960.jpg,गरेर
3961.jpg,भएका
3962.jpg,जाॅचमा
3963.jpg,कति
3964.jpg,सम
3965.jpg,कविले
3966.jpg,नेपालीको
3967.jpg,धन्काएर
3968.jpg,कहि
3969.jpg,बाटोमा
3970.jpg,ठानेनन
3971.jpg,गर्दछु
3972.jpg,छन्
3973.jpg,भएका
3974.jpg,चाहि
3975.jpg,कक्षा
3976.jpg,राख्थे
3977.jpg,चेस
3978.jpg,गते
3979.jpg,एउटा
3980.jpg,मलाई
3981.jpg,शान्ति
3982.jpg,भ्रमण
3983.jpg,मार्फत
3984.jpg,हजुरको
3985.jpg,खराब
3986.jpg,एक्लै
3987.jpg,माध्यमिक
3988.jpg,चल
3989.jpg,प्रतिक्रिया
3990.jpg,भने
3991.jpg,हॊओस
3992.jpg,महान
3993.jpg,भए
3994.jpg,वैशाख
3995.jpg,बासॅ
3996.jpg,वर्ष
3997.jpg,रोदनहरुको
3998.jpg,गर्यौॅ
3999.jpg,पठाएकी
4000.jpg,अझै
4001.jpg,माया
4002.jpg,अनिद्रामा
4003.jpg,भएक
4004.jpg,कवितामा
4005.jpg,बाध्य
4006.jpg,मानवी
4007.jpg,थिए
4008.jpg,पाउनु
4009.jpg,दिपलोमा
4010.jpg,शोभा
4011.jpg,तपाईले
4012.jpg,कविले
4013.jpg,प्रतिवेदन
4014.jpg,सुरुवात
4015.jpg,न्याय
4016.jpg,हुन्
4017.jpg,एउटा
4018.jpg,छात्रावृत्ति
4019.jpg,हिमाल
4020.jpg,थाहा
4021.jpg,लगाउॅछु
4022.jpg,कहिल्ये
4023.jpg,आफुले
4024.jpg,हस्तबहादुर
4025.jpg,समाउॅदै
4026.jpg,तपाईका
4027.jpg,हामी
4028.jpg,स्वर्ग
4029.jpg,लाग्छ
4030.jpg,आऒस
4031.jpg,कारण
4032.jpg,बारेमा
4033.jpg,बारेमा
4034.jpg,भइहाल्थ्यो
4035.jpg,नेपाली
4036.jpg,निम्ति
4037.jpg,दुई
4038.jpg,सिक्छो
4039.jpg,सुन्न
4040.jpg,यसरी
4041.jpg,गरे
4042.jpg,भयौ
4043.jpg,तपाईका
4044.jpg,कमुन
4045.jpg,हुन्
4046.jpg,के
4047.jpg,नेपालको
4048.jpg,लागेको
4049.jpg,छैन
4050.jpg,गोराहरूले
4051.jpg,क्षेत्रमा
4052.jpg,-
4053.jpg,त्याई
4054.jpg,छैन
4055.jpg,गरेर
4056.jpg,रहेका
4057.jpg,सन्तुषट
4058.jpg,-
4059.jpg,तथा
4060.jpg,दुलाहा हुने
4061.jpg,गरिएको
4062.jpg,चोर्ने
4063.jpg,होइन
4064.jpg,थिए
4065.jpg,भए
4066.jpg,सबैलाई
4067.jpg,त्यस्तो
4068.jpg,मुखबाट
4069.jpg,बनिन्छ
4070.jpg,-
4071.jpg,ठ्याक्कै
4072.jpg,wishes
4073.jpg,अहिले
4074.jpg,फेला
4075.jpg,सफल
4076.jpg,थियो
4077.jpg,ल्याइस
4078.jpg,मा
4079.jpg,दौडमा
4080.jpg,हौसला
4081.jpg,उहाॅबाट
4082.jpg,काममा
4083.jpg,गर्नुपर्ने
4084.jpg,नेपाल
4085.jpg,हजुरकै
4086.jpg,मलाई
4087.jpg,सबै
4088.jpg,गरेका
4089.jpg,चोरी
4090.jpg,भएकामा
4091.jpg,टेम्बु
4092.jpg,अपवाद
4093.jpg,क्षेत्रमा
4094.jpg,सुन्नु
4095.jpg,पिडा
4096.jpg,-
4097.jpg,हजुरको
4098.jpg,लेख्न
4099.jpg,राम्रो
4100.jpg,कविले
4101.jpg,मलाई
4102.jpg,मन
4103.jpg,गराउॅथे
4104.jpg,पनि
4105.jpg,दिने
4106.jpg,लागेर
4107.jpg,हुन्छ
4108.jpg,विवरण
4109.jpg,सुन्न
4110.jpg,आत्माले
4111.jpg,असल
4112.jpg,कविताको
4113.jpg,काममा
4114.jpg,तेरो
4115.jpg,बुझेन
4116.jpg,सद्रे
4117.jpg,हाम्रा
4118.jpg,दुङगोबाट
4119.jpg,छाक
4120.jpg,डिङ
4121.jpg,तपाइका
4122.jpg,the
4123.jpg,हाम्रा
4124.jpg,पूर्वीय
4125.jpg,चोर
4126.jpg,उच्च
4127.jpg,दक्षिण
4128.jpg,भने
4129.jpg,उतीण
4130.jpg,ढुङगामा
4131.jpg,सत्ने
4132.jpg,भन
4133.jpg,गितको
4134.jpg,निर्मला
4135.jpg,त्यसैले
4136.jpg,कुरा
4137.jpg,सुधा
4138.jpg,कुरा
4139.jpg,जस्तै
4140.jpg,बढी
4141.jpg,विका
4142.jpg,रामुको
4143.jpg,घरको
4144.jpg,सम्मान
4145.jpg,हजुरले
4146.jpg,राम्रा
4147.jpg,आस्तित्व
4148.jpg,पनि
4149.jpg,ससपटक
4150.jpg,मन्तव्य
4151.jpg,हास्दै
4152.jpg,सुनको
4153.jpg,बिते
4154.jpg,खासै
4155.jpg,जुन
4156.jpg,मालती
4157.jpg,मैले
4158.jpg,स्वभाव
4159.jpg,अब
4160.jpg,जाऊॅ
4161.jpg,नपाएका
4162.jpg,मिठो
4163.jpg,भएपनि
4164.jpg,राम्रा
4165.jpg,अंशमा
4166.jpg,मुखबाट
4167.jpg,अरु
4168.jpg,खेल्थेॅ
4169.jpg,रको
4170.jpg,कवितामा
4171.jpg,दाजुले
4172.jpg,upcommity
4173.jpg,विद्यार्थी
4174.jpg,घिमिरे
4175.jpg,त्रिपाठी
4176.jpg,उसकी
4177.jpg,मेहनत
4178.jpg,लागिन
4179.jpg,स्वर्ग
4180.jpg,अहिले
4181.jpg,चाहन्छ
4182.jpg,आफ्ना
4183.jpg,तराइलाई
4184.jpg,चोर
4185.jpg,गुरुबा
4186.jpg,त्यस्तो
4187.jpg,जाबो
4188.jpg,सडकमा
4189.jpg,प्रकाश
4190.jpg,भनेझै
4191.jpg,पर्छ
4192.jpg,राष्ट्रकवि
4193.jpg,नभन्नुहोस
4194.jpg,पडाइमा
4195.jpg,ध्यान
4196.jpg,टासिएर
4197.jpg,परेको
4198.jpg,for
4199.jpg,कर्णदार
4200.jpg,प्रशस्त
4201.jpg,नढाॅटि
4202.jpg,रातोदिन
4203.jpg,भलिबल
4204.jpg,शोभाका
4205.jpg,प्रस्तुति
4206.jpg,फर्केर
4207.jpg,हुन्छ
4208.jpg,प्रकट
4209.jpg,तपाईले
4210.jpg,उपहार
4211.jpg,नत्र
4212.jpg,तान्न
4213.jpg,आवाज
4214.jpg,आगामी
4215.jpg,आफ्नो
4216.jpg,माधुर्य
4217.jpg,अगाडी
4218.jpg,पढाइ
4219.jpg,हन
4220.jpg,मुसुमुसु
4221.jpg,सपुत
4222.jpg,छोराछोरीलाई
4223.jpg,चेतना
4224.jpg,मलाई
4225.jpg,पढथ्यो
4226.jpg,थापा
4227.jpg,उभिएर
4228.jpg,उपहार
4229.jpg,साथीहरु
4230.jpg,नेपालै
4231.jpg,निम्ति
4232.jpg,जाॅऊ
4233.jpg,आजको
4234.jpg,गर्नुपर्छ
4235.jpg,भएको
4236.jpg,भन्न
4237.jpg,काम
4238.jpg,गित
4239.jpg,कुराहरु
4240.jpg,सफल
4241.jpg,पर्छ।
4242.jpg,उल्का
4243.jpg,आँखामा
4244.jpg,हामीले
4245.jpg,परम्पराका
4246.jpg,बनाउन
4247.jpg,ढङगामा
4248.jpg,कति
4249.jpg,सिक्नुपर्छ
4250.jpg,अस्तित्वकै
4251.jpg,सम्झनभयो
4252.jpg,कमलको
4253.jpg,आमा
4254.jpg,अभिभावकले
4255.jpg,पाईन्छ
4256.jpg,हो ?
4257.jpg,पटयाउन
4258.jpg,दिनप्रति
4259.jpg,अथवा
4260.jpg,उनीहरुले
4261.jpg,छैन
4262.jpg,टडकारै
4263.jpg,बैनी
4264.jpg,पालना
4265.jpg,पाइन्छ
4266.jpg,रोगी
4267.jpg,पुगिन
4268.jpg,आज
4269.jpg,कारणले
4270.jpg,यसलाई
4271.jpg,समातेर
4272.jpg,हामीहरु
4273.jpg,संस्कार
4274.jpg,सङग्रह
4275.jpg,लागेकी
4276.jpg,अझै
4277.jpg,हाँगाहरु
4278.jpg,दिएनन्
4279.jpg,छौॅ
4280.jpg,सन्देश
4281.jpg,कवितामा
4282.jpg,भन्छ
4283.jpg,भएको
4284.jpg,फुटकर
4285.jpg,हेर्दा
4286.jpg,शकुन्तला
4287.jpg,गित
4288.jpg,भुमि
4289.jpg,link
4290.jpg,सुन्दर
4291.jpg,पनि
4292.jpg,मेटीदैन
4293.jpg,शब्द
4294.jpg,देशभक्ति
4295.jpg,शरिरक
4296.jpg,दिएर
4297.jpg,click
4298.jpg,क्रममा
4299.jpg,पटक
4300.jpg,हाम्रो
4301.jpg,मिठो
4302.jpg,कुरालाई
4303.jpg,कॅयौ
4304.jpg,गर्नुभएको
4305.jpg,भन्दा
4306.jpg,जगमा
4307.jpg,भयो
4308.jpg,पूर्वीय
4309.jpg,हजुरको
4310.jpg,कविताको
4311.jpg,वालिका
4312.jpg,अस्तित्व
4313.jpg,उहाॅको
4314.jpg,आदिलाई
4315.jpg,सुनेॅ
4316.jpg,सशक्त
4317.jpg,विहानको
4318.jpg,पुर्खाको
4319.jpg,धेरै
4320.jpg,झल्केको
4321.jpg,हेर्न
4322.jpg,अश्वान्यमा
4323.jpg,गित
4324.jpg,रहेको
4325.jpg,हुनुपर्छ
4326.jpg,ढङगले
4327.jpg,पाइन
4328.jpg,सबैजना
4329.jpg,गित
4330.jpg,पूर्वीय
4331.jpg,धन्य
4332.jpg,गएका
4333.jpg,हजुरले
4334.jpg,लगायत
4335.jpg,बसेका
4336.jpg,रुपमा
4337.jpg,आज
4338.jpg,पाइन्छ।
4339.jpg,फरक
4340.jpg,धिमिरे
4341.jpg,कति
4342.jpg,प्रकाश
4343.jpg,कविता
4344.jpg,नामक
4345.jpg,टल्कने
4346.jpg,राष्ट्रभाव
4347.jpg,फल्ने
4348.jpg,उहाॅले
4349.jpg,गराउन
4350.jpg,सक्छौॅ
4351.jpg,पापिनी
4352.jpg,त्यसैगरी
4353.jpg,कविता
4354.jpg,उनका
4355.jpg,वर्णण
4356.jpg,साथै
4357.jpg,सौन्दर्य
0.jpg,फल्ने
